scenario,baseline,seed,rmse,rmse_percent,coverage,coverage_percent,mean_ess,final_ess,runtime_sec,peak_memory_mb
sigmaV2_10_sigmaW2_10,DFPHS,11,32.680599212646484,69.81208038330078,0.4429999887943268,44.29999923706055,200.00001525878906,200.00001525878906,0.42491888999938965,0.0
sigmaV2_10_sigmaW2_10,DFPHS,22,32.703857421875,69.86176300048828,0.39399999380111694,39.39999771118164,200.00001525878906,200.00001525878906,0.2823617458343506,0.0
sigmaV2_10_sigmaW2_10,DFPHS,33,33.235347747802734,70.99713134765625,0.39899998903274536,39.89999771118164,200.00001525878906,200.00001525878906,0.29764556884765625,0.0
sigmaV2_10_sigmaW2_10,DFPHS,44,34.09021759033203,72.82329559326172,0.3790000081062317,37.900001525878906,200.00001525878906,200.00001525878906,0.3078010082244873,0.0
sigmaV2_10_sigmaW2_10,DFPHS,55,30.106359481811523,64.3130111694336,0.4580000042915344,45.79999923706055,200.00001525878906,200.00001525878906,0.2790043354034424,0.0
sigmaV2_10_sigmaW2_10,DPFS,11,32.447757720947266,69.31468963623047,0.6520000100135803,65.20000457763672,152.4619598388672,150.90963745117188,0.24400544166564941,0.0
sigmaV2_10_sigmaW2_10,DPFS,22,32.65877914428711,69.76547241210938,0.6299999952316284,63.0,151.697021484375,142.5704803466797,0.2613663673400879,0.0
sigmaV2_10_sigmaW2_10,DPFS,33,29.085010528564453,62.13120651245117,0.7170000076293945,71.69999694824219,152.79351806640625,151.00025939941406,0.26008105278015137,0.0
sigmaV2_10_sigmaW2_10,DPFS,44,32.741764068603516,69.94274139404297,0.6499999761581421,65.0,152.4613037109375,144.06683349609375,0.2535269260406494,0.0
sigmaV2_10_sigmaW2_10,DPFS,55,32.69478225708008,69.84237670898438,0.6420000195503235,64.20000457763672,152.17218017578125,147.9748992919922,0.2630038261413574,0.0
sigmaV2_10_sigmaW2_10,DPFOT,11,29.906494140625,63.88605499267578,0.2409999966621399,24.100000381469727,200.00001525878906,200.00001525878906,6.224842071533203,0.0
sigmaV2_10_sigmaW2_10,DPFOT,22,30.244829177856445,64.60880279541016,0.25999999046325684,26.0,200.00001525878906,200.00001525878906,6.460999965667725,0.0
sigmaV2_10_sigmaW2_10,DPFOT,33,29.28500747680664,62.558441162109375,0.2630000114440918,26.30000114440918,200.00001525878906,200.00001525878906,6.348212718963623,0.0
sigmaV2_10_sigmaW2_10,DPFOT,44,29.974689483642578,64.03173828125,0.257999986410141,25.799999237060547,200.00001525878906,200.00001525878906,6.259359359741211,0.0
sigmaV2_10_sigmaW2_10,DPFOT,55,29.813568115234375,63.68754959106445,0.2849999964237213,28.5,200.00001525878906,200.00001525878906,6.4790050983428955,0.0
sigmaV2_10_sigmaW2_10,DPFOT-HMC,11,29.212427139282227,62.40339279174805,0.3070000112056732,30.700000762939453,200.00001525878906,200.00001525878906,7.907391548156738,0.0
sigmaV2_10_sigmaW2_10,DPFOT-HMC,22,29.591039657592773,63.21218490600586,0.3440000116825104,34.400001525878906,200.00001525878906,200.00001525878906,8.367011785507202,0.0
sigmaV2_10_sigmaW2_10,DPFOT-HMC,33,29.305213928222656,62.60160827636719,0.3190000057220459,31.900001525878906,200.00001525878906,200.00001525878906,7.379313707351685,0.0
sigmaV2_10_sigmaW2_10,DPFOT-HMC,44,29.65314483642578,63.344852447509766,0.31299999356269836,31.299999237060547,200.00001525878906,200.00001525878906,7.689266920089722,0.0
sigmaV2_10_sigmaW2_10,DPFOT-HMC,55,29.422103881835938,62.8513069152832,0.3610000014305115,36.099998474121094,200.00001525878906,200.00001525878906,7.684290409088135,0.0
sigmaV2_10_sigmaW2_10,IPFPF,11,29.377771377563477,62.75659942626953,0.9309999942779541,93.0999984741211,200.00001525878906,200.00001525878906,0.7779219150543213,0.0
sigmaV2_10_sigmaW2_10,IPFPF,22,29.4344425201416,62.877662658691406,0.9330000281333923,93.30000305175781,200.00001525878906,200.00001525878906,0.7725808620452881,0.0
sigmaV2_10_sigmaW2_10,IPFPF,33,29.491947174072266,63.00050735473633,0.9300000071525574,93.0,200.00001525878906,200.00001525878906,0.8717353343963623,0.0
sigmaV2_10_sigmaW2_10,IPFPF,44,29.50904083251953,63.037017822265625,0.9300000071525574,93.0,200.00001525878906,200.00001525878906,0.7842938899993896,0.0
sigmaV2_10_sigmaW2_10,IPFPF,55,29.472776412963867,62.95954895019531,0.9330000281333923,93.30000305175781,200.00001525878906,200.00001525878906,0.7568709850311279,0.0
sigmaV2_10_sigmaW2_10,SPFSM,11,29.41910743713379,62.84490203857422,0.9290000200271606,92.9000015258789,200.00001525878906,200.00001525878906,1.5476908683776855,0.0
sigmaV2_10_sigmaW2_10,SPFSM,22,29.442380905151367,62.89461898803711,0.9399999976158142,94.0,200.00001525878906,200.00001525878906,1.6132276058197021,0.0
sigmaV2_10_sigmaW2_10,SPFSM,33,29.483922958374023,62.98336410522461,0.9369999766349792,93.69999694824219,200.00001525878906,200.00001525878906,1.5032734870910645,0.0
sigmaV2_10_sigmaW2_10,SPFSM,44,29.30360221862793,62.59815979003906,0.9279999732971191,92.79999542236328,200.00001525878906,200.00001525878906,1.5511250495910645,0.0
sigmaV2_10_sigmaW2_10,SPFSM,55,29.429983139038086,62.86813735961914,0.9369999766349792,93.69999694824219,200.00001525878906,200.00001525878906,1.5268926620483398,0.0
sigmaV2_10_sigmaW2_10,DPF-GradNet,11,24.100061416625977,24.100061416625977,0.7279999852180481,72.79999542236328,200.00001525878906,200.00001525878906,0.41904568672180176,0.0
sigmaV2_10_sigmaW2_10,DPF-GradNet,22,25.47244644165039,25.47244644165039,0.7059999704360962,70.5999984741211,200.00001525878906,200.00001525878906,0.3848080635070801,0.0
sigmaV2_10_sigmaW2_10,DPF-GradNet,33,25.398073196411133,25.398073196411133,0.7149999737739563,71.5,200.00001525878906,200.00001525878906,0.3882005214691162,0.0
sigmaV2_10_sigmaW2_10,DPF-GradNet,44,23.984434127807617,23.984434127807617,0.734000027179718,73.4000015258789,200.00001525878906,200.00001525878906,0.3543121814727783,0.0
sigmaV2_10_sigmaW2_10,DPF-GradNet,55,23.95058250427246,23.95058250427246,0.7300000190734863,73.0,200.00001525878906,200.00001525878906,0.3895421028137207,0.0
sigmaV2_10_sigmaW2_10,DPFNet-HMC,11,24.976343154907227,24.976343154907227,0.718999981880188,71.9000015258789,200.00001525878906,200.00001525878906,2.9809701442718506,0.0
sigmaV2_10_sigmaW2_10,DPFNet-HMC,22,24.52538299560547,24.52538299560547,0.7319999933242798,73.19999694824219,200.00001525878906,200.00001525878906,2.952637195587158,0.0
sigmaV2_10_sigmaW2_10,DPFNet-HMC,33,24.261146545410156,24.261146545410156,0.7279999852180481,72.79999542236328,200.00001525878906,200.00001525878906,3.276442289352417,0.0
sigmaV2_10_sigmaW2_10,DPFNet-HMC,44,23.872852325439453,23.872852325439453,0.7419999837875366,74.19999694824219,200.00001525878906,200.00001525878906,2.9964652061462402,0.0
sigmaV2_10_sigmaW2_10,DPFNet-HMC,55,25.095083236694336,25.095083236694336,0.7020000219345093,70.20000457763672,200.00001525878906,200.00001525878906,2.9578757286071777,0.0
sigmaV2_10_sigmaW2_1,DFPHS,11,39.671077728271484,84.7450942993164,0.05000000074505806,5.0,200.00001525878906,200.00001525878906,0.28399229049682617,0.0
sigmaV2_10_sigmaW2_1,DFPHS,22,37.17197036743164,79.4065170288086,0.07599999755620956,7.599999904632568,200.00001525878906,200.00001525878906,0.29587626457214355,0.0
sigmaV2_10_sigmaW2_1,DFPHS,33,38.894432067871094,83.08602905273438,0.052000001072883606,5.200000286102295,200.00001525878906,200.00001525878906,0.2763791084289551,0.0
sigmaV2_10_sigmaW2_1,DFPHS,44,38.27486038208008,81.76250457763672,0.09200000017881393,9.199999809265137,200.00001525878906,200.00001525878906,0.4252927303314209,0.0
sigmaV2_10_sigmaW2_1,DFPHS,55,36.163543701171875,77.25232696533203,0.06800000369548798,6.800000190734863,200.00001525878906,200.00001525878906,0.28809499740600586,0.0
sigmaV2_10_sigmaW2_1,DPFS,11,34.13142013549805,72.91131591796875,0.5849999785423279,58.499996185302734,148.20799255371094,151.99998474121094,0.2563292980194092,0.0
sigmaV2_10_sigmaW2_1,DPFS,22,32.600868225097656,69.64176177978516,0.5910000205039978,59.10000228881836,147.2437286376953,139.99998474121094,0.30300068855285645,0.0
sigmaV2_10_sigmaW2_1,DPFS,33,31.87766456604004,68.09685516357422,0.593999981880188,59.39999771118164,148.337158203125,151.99998474121094,0.3415682315826416,0.0
sigmaV2_10_sigmaW2_1,DPFS,44,32.2188720703125,68.82574462890625,0.5870000123977661,58.70000076293945,148.06463623046875,153.99998474121094,0.2578926086425781,0.0
sigmaV2_10_sigmaW2_1,DPFS,55,31.331684112548828,66.9305419921875,0.5740000009536743,57.400001525878906,148.05613708496094,141.00001525878906,0.30988407135009766,0.0
sigmaV2_10_sigmaW2_1,DPFOT,11,31.9161376953125,68.17904663085938,0.5139999985694885,51.400001525878906,200.00001525878906,200.00001525878906,6.084388732910156,0.0
sigmaV2_10_sigmaW2_1,DPFOT,22,31.263595581054688,66.78508758544922,0.5149999856948853,51.5,200.00001525878906,200.00001525878906,6.227571249008179,0.0
sigmaV2_10_sigmaW2_1,DPFOT,33,31.494626998901367,67.27861022949219,0.531000018119812,53.10000228881836,200.00001525878906,200.00001525878906,6.53238844871521,0.0
sigmaV2_10_sigmaW2_1,DPFOT,44,31.514820098876953,67.32174682617188,0.5289999842643738,52.89999771118164,200.00001525878906,200.00001525878906,6.382193326950073,0.0
sigmaV2_10_sigmaW2_1,DPFOT,55,31.09406852722168,66.42294311523438,0.5189999938011169,51.89999771118164,200.00001525878906,200.00001525878906,6.172122001647949,0.0
sigmaV2_10_sigmaW2_1,DPFOT-HMC,11,32.76701736450195,69.9966812133789,0.5019999742507935,50.19999694824219,200.00001525878906,200.00001525878906,7.631073713302612,0.0
sigmaV2_10_sigmaW2_1,DPFOT-HMC,22,30.011192321777344,64.10971069335938,0.5099999904632568,51.0,200.00001525878906,200.00001525878906,7.794705390930176,0.0
sigmaV2_10_sigmaW2_1,DPFOT-HMC,33,30.78080940246582,65.7537612915039,0.4959999918937683,49.599998474121094,200.00001525878906,200.00001525878906,7.445852518081665,0.0
sigmaV2_10_sigmaW2_1,DPFOT-HMC,44,32.89273452758789,70.26524353027344,0.49300000071525574,49.29999923706055,200.00001525878906,200.00001525878906,7.305896520614624,0.0
sigmaV2_10_sigmaW2_1,DPFOT-HMC,55,31.76797866821289,67.862548828125,0.515999972820282,51.599998474121094,200.00001525878906,200.00001525878906,7.508611440658569,0.0
sigmaV2_10_sigmaW2_1,IPFPF,11,29.377771377563477,62.75659942626953,0.9309999942779541,93.0999984741211,200.00001525878906,200.00001525878906,0.8866827487945557,0.0
sigmaV2_10_sigmaW2_1,IPFPF,22,29.4344425201416,62.877662658691406,0.9330000281333923,93.30000305175781,200.00001525878906,200.00001525878906,0.9247927665710449,0.0
sigmaV2_10_sigmaW2_1,IPFPF,33,29.491947174072266,63.00050735473633,0.9300000071525574,93.0,200.00001525878906,200.00001525878906,0.7870376110076904,0.0
sigmaV2_10_sigmaW2_1,IPFPF,44,29.50904083251953,63.037017822265625,0.9300000071525574,93.0,200.00001525878906,200.00001525878906,0.770479679107666,0.0
sigmaV2_10_sigmaW2_1,IPFPF,55,29.472776412963867,62.95954895019531,0.9330000281333923,93.30000305175781,200.00001525878906,200.00001525878906,0.8306591510772705,0.0
sigmaV2_10_sigmaW2_1,SPFSM,11,29.41910743713379,62.84490203857422,0.9290000200271606,92.9000015258789,200.00001525878906,200.00001525878906,1.5286953449249268,0.0
sigmaV2_10_sigmaW2_1,SPFSM,22,29.442380905151367,62.89461898803711,0.9399999976158142,94.0,200.00001525878906,200.00001525878906,1.551421880722046,0.0
sigmaV2_10_sigmaW2_1,SPFSM,33,29.483922958374023,62.98336410522461,0.9369999766349792,93.69999694824219,200.00001525878906,200.00001525878906,1.4805197715759277,0.0
sigmaV2_10_sigmaW2_1,SPFSM,44,29.30360221862793,62.59815979003906,0.9279999732971191,92.79999542236328,200.00001525878906,200.00001525878906,1.5629329681396484,0.0
sigmaV2_10_sigmaW2_1,SPFSM,55,29.429983139038086,62.86813735961914,0.9369999766349792,93.69999694824219,200.00001525878906,200.00001525878906,1.510202169418335,0.0
sigmaV2_10_sigmaW2_1,DPF-GradNet,11,24.687822341918945,24.687822341918945,0.7239999771118164,72.39999389648438,200.00001525878906,200.00001525878906,0.369002103805542,0.0
sigmaV2_10_sigmaW2_1,DPF-GradNet,22,26.27235984802246,26.27235984802246,0.6990000009536743,69.9000015258789,200.00001525878906,200.00001525878906,0.3695657253265381,0.0
sigmaV2_10_sigmaW2_1,DPF-GradNet,33,24.014835357666016,24.014835357666016,0.7269999980926514,72.69999694824219,200.00001525878906,200.00001525878906,0.3911867141723633,0.0
sigmaV2_10_sigmaW2_1,DPF-GradNet,44,24.999780654907227,24.999780654907227,0.7250000238418579,72.5,200.00001525878906,200.00001525878906,0.40440797805786133,0.0
sigmaV2_10_sigmaW2_1,DPF-GradNet,55,24.953065872192383,24.953065872192383,0.734000027179718,73.4000015258789,200.00001525878906,200.00001525878906,0.37635159492492676,0.0
sigmaV2_10_sigmaW2_1,DPFNet-HMC,11,25.516061782836914,25.516061782836914,0.7310000061988831,73.0999984741211,200.00001525878906,200.00001525878906,2.890070676803589,0.0
sigmaV2_10_sigmaW2_1,DPFNet-HMC,22,24.98142433166504,24.98142433166504,0.7250000238418579,72.5,200.00001525878906,200.00001525878906,2.8003652095794678,0.0
sigmaV2_10_sigmaW2_1,DPFNet-HMC,33,25.544395446777344,25.544395446777344,0.7080000042915344,70.80000305175781,200.00001525878906,200.00001525878906,2.7073161602020264,0.0
sigmaV2_10_sigmaW2_1,DPFNet-HMC,44,25.915437698364258,25.915437698364258,0.7080000042915344,70.80000305175781,200.00001525878906,200.00001525878906,2.8094375133514404,0.0
sigmaV2_10_sigmaW2_1,DPFNet-HMC,55,25.136144638061523,25.136144638061523,0.7200000286102295,72.0,200.00001525878906,200.00001525878906,2.901644468307495,0.0
