scenario,baseline,regularization,iterations,rmse_mean,rmse_std,ess_mean,ess_std,runtime_sec_mean,runtime_sec_std
sigmaV2_10_sigmaW2_1,DPF-GradNet,0.2,1,25.39626274108887,0.13365042310730718,200.00001525878906,0.0,0.4651803016662598,0.060020158880536606
sigmaV2_10_sigmaW2_1,DPF-GradNet,0.2,2,24.768093490600585,0.8410892862381008,200.00001525878906,0.0,0.593116283416748,0.05741558125197414
sigmaV2_10_sigmaW2_1,DPF-GradNet,0.2,4,31.865935134887696,0.8984759685013861,200.00001525878906,0.0,1.0673630237579346,0.09350160998034866
sigmaV2_10_sigmaW2_1,DPF-GradNet,0.35,1,24.985572814941406,0.7332211109469661,200.00001525878906,0.0,0.41750140190124513,0.03744181760749726
sigmaV2_10_sigmaW2_1,DPF-GradNet,0.35,2,31.74250030517578,0.9558954800369053,200.00001525878906,0.0,0.6278239727020264,0.06101441376357753
sigmaV2_10_sigmaW2_1,DPF-GradNet,0.35,4,37.781008911132815,1.3205035710042732,200.00001525878906,0.0,1.0868117809295654,0.14366716333235455
sigmaV2_10_sigmaW2_1,DPF-GradNet,0.5,1,28.5968448638916,0.9007499608354418,200.00001525878906,0.0,0.3911848545074463,0.026567598046396093
sigmaV2_10_sigmaW2_1,DPF-GradNet,0.5,2,36.08983306884765,0.8088687206808141,200.00001525878906,0.0,0.6792275905609131,0.07380468611766215
sigmaV2_10_sigmaW2_1,DPF-GradNet,0.5,4,38.07517929077149,1.1153644951719532,200.00001525878906,0.0,1.1199071407318115,0.07056081491230119
sigmaV2_10_sigmaW2_1,DPFNet-HMC,0.2,1,25.44470634460449,0.16998049514893826,200.00001525878906,0.0,1.310716152191162,0.13951787747115948
sigmaV2_10_sigmaW2_1,DPFNet-HMC,0.2,2,25.086936950683594,0.11004934760493744,200.00001525878906,0.0,2.271350288391113,0.2949907782152437
sigmaV2_10_sigmaW2_1,DPFNet-HMC,0.2,4,24.91499900817871,0.1705847428059492,200.00001525878906,0.0,3.572385835647583,0.044180638999294836
sigmaV2_10_sigmaW2_1,DPFNet-HMC,0.35,1,24.648159408569335,0.4658366935886023,200.00001525878906,0.0,1.1743703842163087,0.058027735392967676
sigmaV2_10_sigmaW2_1,DPFNet-HMC,0.35,2,25.717436218261717,0.7356327650176308,200.00001525878906,0.0,1.9799756050109862,0.0918999724557595
sigmaV2_10_sigmaW2_1,DPFNet-HMC,0.35,4,24.977680969238282,0.9926115800947732,200.00001525878906,0.0,3.4927897453308105,0.03513894830038128
sigmaV2_10_sigmaW2_1,DPFNet-HMC,0.5,1,29.853533935546874,1.373046470523817,200.00001525878906,0.0,1.2037110805511475,0.05355769556102463
sigmaV2_10_sigmaW2_1,DPFNet-HMC,0.5,2,29.22903823852539,1.1623571687223362,200.00001525878906,0.0,1.9607530593872071,0.053378582386357856
sigmaV2_10_sigmaW2_1,DPFNet-HMC,0.5,4,29.30967483520508,1.3549241789477335,200.00001525878906,0.0,3.587419557571411,0.08943936658682622
sigmaV2_10_sigmaW2_1,DPFOT,0.05,20,29.2689151763916,0.5419200935762234,200.00001525878906,0.0,2.6916315078735353,0.1458518272297334
sigmaV2_10_sigmaW2_1,DPFOT,0.05,50,29.948302459716796,0.7170375254820565,200.00001525878906,0.0,6.3737688064575195,0.1516122161847402
sigmaV2_10_sigmaW2_1,DPFOT,0.05,100,31.03515510559082,0.4471197611358045,200.00001525878906,0.0,12.742087936401367,0.12011750998634456
sigmaV2_10_sigmaW2_1,DPFOT,0.1,20,29.50985794067383,1.1384381125953866,200.00001525878906,0.0,2.6486752033233643,0.09280803584645389
sigmaV2_10_sigmaW2_1,DPFOT,0.1,50,31.456649780273438,0.2773771036220071,200.00001525878906,0.0,6.366507434844971,0.18508281709478652
sigmaV2_10_sigmaW2_1,DPFOT,0.1,100,32.20961799621582,0.5180280330472458,200.00001525878906,0.0,12.63400707244873,0.35636416403040827
sigmaV2_10_sigmaW2_1,DPFOT,0.2,20,30.769839096069337,1.1374027507672064,200.00001525878906,0.0,2.625360536575317,0.14474898333766878
sigmaV2_10_sigmaW2_1,DPFOT,0.2,50,32.291045379638675,0.9165063110335511,200.00001525878906,0.0,6.381743764877319,0.06080553788196141
sigmaV2_10_sigmaW2_1,DPFOT,0.2,100,35.25196075439453,1.1999933918537813,200.00001525878906,0.0,11.737847757339477,1.5193445327430604
sigmaV2_10_sigmaW2_1,DPFOT-HMC,0.06,20,28.856214904785155,0.3586703230086848,200.00001525878906,0.0,3.140823316574097,0.028842132963455402
sigmaV2_10_sigmaW2_1,DPFOT-HMC,0.06,50,30.09482078552246,0.3027049396383825,200.00001525878906,0.0,5.750948429107666,0.07984431147787917
sigmaV2_10_sigmaW2_1,DPFOT-HMC,0.06,100,31.32618179321289,0.5462613680722398,200.00001525878906,0.0,12.290151882171632,1.8495703522080844
sigmaV2_10_sigmaW2_1,DPFOT-HMC,0.12,20,29.117524719238283,0.38550605291757245,200.00001525878906,0.0,3.9508229732513427,0.10048319155050796
sigmaV2_10_sigmaW2_1,DPFOT-HMC,0.12,50,31.64394645690918,1.117768807843095,200.00001525878906,0.0,7.375330829620362,0.08623417264580424
sigmaV2_10_sigmaW2_1,DPFOT-HMC,0.12,100,33.41403656005859,0.6368856050230497,200.00001525878906,0.0,13.792540979385375,0.1539501220155427
sigmaV2_10_sigmaW2_1,DPFOT-HMC,0.24,20,30.579535675048827,0.6489237414478053,200.00001525878906,0.0,4.197142601013184,0.22256497585683907
sigmaV2_10_sigmaW2_1,DPFOT-HMC,0.24,50,33.26037063598633,0.6172237862957499,200.00001525878906,0.0,7.728621006011963,0.06345286635819088
sigmaV2_10_sigmaW2_1,DPFOT-HMC,0.24,100,37.56495895385742,0.8494392914290233,200.00001525878906,0.0,14.104031085968018,0.4396388057155502
sigmaV2_10_sigmaW2_10,DPF-GradNet,0.2,1,25.348517608642577,0.3447018142709619,200.00001525878906,0.0,0.4176927089691162,0.04715741333942215
sigmaV2_10_sigmaW2_10,DPF-GradNet,0.2,2,25.297427368164062,1.1419727225769833,200.00001525878906,0.0,0.5682796001434326,0.025525932800869084
sigmaV2_10_sigmaW2_10,DPF-GradNet,0.2,4,29.510208892822266,1.6874009296538743,200.00001525878906,0.0,0.9845694065093994,0.04296365152863324
sigmaV2_10_sigmaW2_10,DPF-GradNet,0.35,1,24.581119537353516,0.6995576137732484,200.00001525878906,0.0,0.40103716850280763,0.05090739170111045
sigmaV2_10_sigmaW2_10,DPF-GradNet,0.35,2,29.53896293640137,0.44598653616450395,200.00001525878906,0.0,0.5761526107788086,0.036792951039205
sigmaV2_10_sigmaW2_10,DPF-GradNet,0.35,4,35.839718627929685,0.4840742120711072,200.00001525878906,0.0,1.0330320835113525,0.07193719543514604
sigmaV2_10_sigmaW2_10,DPF-GradNet,0.5,1,27.199709320068358,0.8916798648998958,200.00001525878906,0.0,0.33283309936523436,0.0021606693137594343
sigmaV2_10_sigmaW2_10,DPF-GradNet,0.5,2,33.76406631469727,1.1634792787611385,200.00001525878906,0.0,0.4995121955871582,0.008071648880528757
sigmaV2_10_sigmaW2_10,DPF-GradNet,0.5,4,37.296410369873044,1.4464601347681227,200.00001525878906,0.0,0.801784896850586,0.0031573253788786293
sigmaV2_10_sigmaW2_10,DPFNet-HMC,0.2,1,25.434218978881837,0.10610870868494131,200.00001525878906,0.0,1.0386736869812012,0.006509222050802105
sigmaV2_10_sigmaW2_10,DPFNet-HMC,0.2,2,25.3216609954834,0.18380472394125827,200.00001525878906,0.0,1.9862037658691407,0.2827158816310463
sigmaV2_10_sigmaW2_10,DPFNet-HMC,0.2,4,25.591148376464844,0.41589762617740517,200.00001525878906,0.0,3.5763280391693115,0.040862777120287595
sigmaV2_10_sigmaW2_10,DPFNet-HMC,0.35,1,25.273572158813476,1.036271739833393,200.00001525878906,0.0,1.1862219333648683,0.02983941884117927
sigmaV2_10_sigmaW2_10,DPFNet-HMC,0.35,2,25.219170379638673,0.826882169616883,200.00001525878906,0.0,2.0307517051696777,0.04199170155689338
sigmaV2_10_sigmaW2_10,DPFNet-HMC,0.35,4,24.714975357055664,0.6146015992153331,200.00001525878906,0.0,3.5895461559295656,0.10462085361100722
sigmaV2_10_sigmaW2_10,DPFNet-HMC,0.5,1,27.585514068603516,1.07709583645004,200.00001525878906,0.0,1.1252987384796143,0.05533217173697528
sigmaV2_10_sigmaW2_10,DPFNet-HMC,0.5,2,27.302029037475585,0.32266564959088473,200.00001525878906,0.0,1.898102617263794,0.06674296655209777
sigmaV2_10_sigmaW2_10,DPFNet-HMC,0.5,4,27.06415786743164,0.6655584264554585,200.00001525878906,0.0,3.4149852752685548,0.0602558962072547
sigmaV2_10_sigmaW2_10,DPFOT,0.05,20,30.83504753112793,0.8444271084631592,200.00001525878906,0.0,2.863162565231323,0.14213234569282282
sigmaV2_10_sigmaW2_10,DPFOT,0.05,50,30.59410285949707,0.5675480608054401,200.00001525878906,0.0,6.3608122825622555,0.3648435265307874
sigmaV2_10_sigmaW2_10,DPFOT,0.05,100,30.388245391845704,0.1869935584284814,200.00001525878906,0.0,12.160619974136353,1.1778162260259688
sigmaV2_10_sigmaW2_10,DPFOT,0.1,20,30.183501052856446,0.7882867383305449,200.00001525878906,0.0,2.5663733959197996,0.09487799971054002
sigmaV2_10_sigmaW2_10,DPFOT,0.1,50,29.844917678833006,0.3146565805739835,200.00001525878906,0.0,6.248685026168824,0.18350300971108044
sigmaV2_10_sigmaW2_10,DPFOT,0.1,100,29.788859939575197,0.24428039316521288,200.00001525878906,0.0,12.924118995666504,0.7872848434204621
sigmaV2_10_sigmaW2_10,DPFOT,0.2,20,29.85121841430664,0.3443613624367757,200.00001525878906,0.0,2.7647817134857178,0.042212098919822895
sigmaV2_10_sigmaW2_10,DPFOT,0.2,50,30.117270278930665,0.26601529107209826,200.00001525878906,0.0,6.308506679534912,0.1821397571166
sigmaV2_10_sigmaW2_10,DPFOT,0.2,100,31.28421821594238,0.8992774376505994,200.00001525878906,0.0,12.771077251434326,0.6530869831193905
sigmaV2_10_sigmaW2_10,DPFOT-HMC,0.06,20,29.326185607910155,0.36177580194196407,200.00001525878906,0.0,4.024595117568969,0.11724728777897683
sigmaV2_10_sigmaW2_10,DPFOT-HMC,0.06,50,29.264956665039062,0.25641653905587575,200.00001525878906,0.0,7.592208909988403,0.16942114152472407
sigmaV2_10_sigmaW2_10,DPFOT-HMC,0.06,100,29.702209854125975,0.36888227677890784,200.00001525878906,0.0,13.780986976623534,0.20209465413732844
sigmaV2_10_sigmaW2_10,DPFOT-HMC,0.12,20,29.23258285522461,0.2817339953376704,200.00001525878906,0.0,3.8954957008361815,0.10120657170508494
sigmaV2_10_sigmaW2_10,DPFOT-HMC,0.12,50,29.436785888671874,0.16641454865987398,200.00001525878906,0.0,7.6143479347229,0.29199372527320366
sigmaV2_10_sigmaW2_10,DPFOT-HMC,0.12,100,29.7853946685791,0.45356569378349293,200.00001525878906,0.0,14.92699122428894,0.9713794107054992
sigmaV2_10_sigmaW2_10,DPFOT-HMC,0.24,20,29.42765655517578,0.4796207724184859,200.00001525878906,0.0,4.116141939163208,0.17280516897104753
sigmaV2_10_sigmaW2_10,DPFOT-HMC,0.24,50,30.026555252075195,0.4558905967032027,200.00001525878906,0.0,7.526973152160645,0.1849003132146407
sigmaV2_10_sigmaW2_10,DPFOT-HMC,0.24,100,32.384478378295896,1.2263810662780432,200.00001525878906,0.0,14.134624004364014,0.41140167099117303
