scenario,baseline,seed,regularization,iterations,regularization_param,iterations_param,rmse,rmse_percent,coverage,coverage_percent,mean_ess,runtime_sec,peak_memory_mb
sigmaV2_10_sigmaW2_10,DPFOT,11,0.05,20,epsilon,sinkhorn_iters,29.68818473815918,63.419700622558594,0.24300000071525574,24.299999237060547,200.00001525878906,3.056605339050293,0.0
sigmaV2_10_sigmaW2_10,DPFOT,22,0.05,20,epsilon,sinkhorn_iters,31.811491012573242,67.95549774169922,0.2240000069141388,22.400001525878906,200.00001525878906,2.943255662918091,0.0
sigmaV2_10_sigmaW2_10,DPFOT,33,0.05,20,epsilon,sinkhorn_iters,31.20267105102539,66.65493774414062,0.23499999940395355,23.5,200.00001525878906,2.62729549407959,0.0
sigmaV2_10_sigmaW2_10,DPFOT,44,0.05,20,epsilon,sinkhorn_iters,31.492076873779297,67.2731704711914,0.23199999332427979,23.19999885559082,200.00001525878906,2.8647029399871826,0.0
sigmaV2_10_sigmaW2_10,DPFOT,55,0.05,20,epsilon,sinkhorn_iters,29.98081398010254,64.04481506347656,0.23399999737739563,23.399999618530273,200.00001525878906,2.82395339012146,0.0
sigmaV2_10_sigmaW2_10,DPFOT,11,0.05,50,epsilon,sinkhorn_iters,29.59235382080078,63.21499252319336,0.24699999392032623,24.69999885559082,200.00001525878906,6.330846071243286,0.0
sigmaV2_10_sigmaW2_10,DPFOT,22,0.05,50,epsilon,sinkhorn_iters,30.841604232788086,65.88362884521484,0.23199999332427979,23.19999885559082,200.00001525878906,6.0299952030181885,0.0
sigmaV2_10_sigmaW2_10,DPFOT,33,0.05,50,epsilon,sinkhorn_iters,31.310562133789062,66.88541412353516,0.2329999953508377,23.299999237060547,200.00001525878906,6.414834499359131,0.0
sigmaV2_10_sigmaW2_10,DPFOT,44,0.05,50,epsilon,sinkhorn_iters,30.739028930664062,65.66451263427734,0.19900000095367432,19.899999618530273,200.00001525878906,6.011576414108276,0.0
sigmaV2_10_sigmaW2_10,DPFOT,55,0.05,50,epsilon,sinkhorn_iters,30.48696517944336,65.12605285644531,0.22599999606609344,22.600000381469727,200.00001525878906,7.0168092250823975,0.0
sigmaV2_10_sigmaW2_10,DPFOT,11,0.05,100,epsilon,sinkhorn_iters,30.524545669555664,65.20633697509766,0.257999986410141,25.799999237060547,200.00001525878906,13.227534294128418,0.0
sigmaV2_10_sigmaW2_10,DPFOT,22,0.05,100,epsilon,sinkhorn_iters,30.07832145690918,64.25311279296875,0.2590000033378601,25.899999618530273,200.00001525878906,12.557756662368774,0.0
sigmaV2_10_sigmaW2_10,DPFOT,33,0.05,100,epsilon,sinkhorn_iters,30.60736083984375,65.38323974609375,0.28200000524520874,28.200000762939453,200.00001525878906,12.832719087600708,0.0
sigmaV2_10_sigmaW2_10,DPFOT,44,0.05,100,epsilon,sinkhorn_iters,30.440185546875,65.026123046875,0.27900001406669617,27.900001525878906,200.00001525878906,9.88694429397583,0.0
sigmaV2_10_sigmaW2_10,DPFOT,55,0.05,100,epsilon,sinkhorn_iters,30.290813446044922,64.70703887939453,0.2549999952316284,25.5,200.00001525878906,12.298145532608032,0.0
sigmaV2_10_sigmaW2_10,DPFOT,11,0.1,20,epsilon,sinkhorn_iters,29.615224838256836,63.26384735107422,0.24500000476837158,24.5,200.00001525878906,2.7311904430389404,0.0
sigmaV2_10_sigmaW2_10,DPFOT,22,0.1,20,epsilon,sinkhorn_iters,31.118343353271484,66.47480010986328,0.22300000488758087,22.30000114440918,200.00001525878906,2.551570415496826,0.0
sigmaV2_10_sigmaW2_10,DPFOT,33,0.1,20,epsilon,sinkhorn_iters,29.534072875976562,63.090492248535156,0.23499999940395355,23.5,200.00001525878906,2.5588464736938477,0.0
sigmaV2_10_sigmaW2_10,DPFOT,44,0.1,20,epsilon,sinkhorn_iters,31.17591667175293,66.59778594970703,0.2409999966621399,24.100000381469727,200.00001525878906,2.5560290813446045,0.0
sigmaV2_10_sigmaW2_10,DPFOT,55,0.1,20,epsilon,sinkhorn_iters,29.473947525024414,62.96205139160156,0.23800000548362732,23.80000114440918,200.00001525878906,2.4342305660247803,0.0
sigmaV2_10_sigmaW2_10,DPFOT,11,0.1,50,epsilon,sinkhorn_iters,29.906494140625,63.88605499267578,0.2409999966621399,24.100000381469727,200.00001525878906,6.205040454864502,0.0
sigmaV2_10_sigmaW2_10,DPFOT,22,0.1,50,epsilon,sinkhorn_iters,30.244829177856445,64.60880279541016,0.25999999046325684,26.0,200.00001525878906,6.155973434448242,0.0
sigmaV2_10_sigmaW2_10,DPFOT,33,0.1,50,epsilon,sinkhorn_iters,29.28500747680664,62.558441162109375,0.2630000114440918,26.30000114440918,200.00001525878906,6.592325448989868,0.0
sigmaV2_10_sigmaW2_10,DPFOT,44,0.1,50,epsilon,sinkhorn_iters,29.974689483642578,64.03173828125,0.257999986410141,25.799999237060547,200.00001525878906,6.2406837940216064,0.0
sigmaV2_10_sigmaW2_10,DPFOT,55,0.1,50,epsilon,sinkhorn_iters,29.813568115234375,63.68754959106445,0.2849999964237213,28.5,200.00001525878906,6.0494019985198975,0.0
sigmaV2_10_sigmaW2_10,DPFOT,11,0.1,100,epsilon,sinkhorn_iters,29.63568878173828,63.30756378173828,0.5339999794960022,53.39999771118164,200.00001525878906,12.13559865951538,0.0
sigmaV2_10_sigmaW2_10,DPFOT,22,0.1,100,epsilon,sinkhorn_iters,30.201078414916992,64.51534271240234,0.47699999809265137,47.70000076293945,200.00001525878906,12.432555913925171,0.0
sigmaV2_10_sigmaW2_10,DPFOT,33,0.1,100,epsilon,sinkhorn_iters,29.778648376464844,63.61294937133789,0.4830000102519989,48.29999923706055,200.00001525878906,14.410706996917725,0.0
sigmaV2_10_sigmaW2_10,DPFOT,44,0.1,100,epsilon,sinkhorn_iters,29.472198486328125,62.95831298828125,0.550000011920929,55.0,200.00001525878906,12.867891073226929,0.0
sigmaV2_10_sigmaW2_10,DPFOT,55,0.1,100,epsilon,sinkhorn_iters,29.856685638427734,63.7796516418457,0.47999998927116394,48.0,200.00001525878906,12.773842334747314,0.0
sigmaV2_10_sigmaW2_10,DPFOT,11,0.2,20,epsilon,sinkhorn_iters,29.423667907714844,62.854644775390625,0.2630000114440918,26.30000114440918,200.00001525878906,2.804245710372925,0.0
sigmaV2_10_sigmaW2_10,DPFOT,22,0.2,20,epsilon,sinkhorn_iters,29.659597396850586,63.35863494873047,0.2290000021457672,22.899999618530273,200.00001525878906,2.776170253753662,0.0
sigmaV2_10_sigmaW2_10,DPFOT,33,0.2,20,epsilon,sinkhorn_iters,29.661115646362305,63.361881256103516,0.26499998569488525,26.499998092651367,200.00001525878906,2.685371160507202,0.0
sigmaV2_10_sigmaW2_10,DPFOT,44,0.2,20,epsilon,sinkhorn_iters,30.325870513916016,64.78192901611328,0.24899999797344208,24.899999618530273,200.00001525878906,2.79500412940979,0.0
sigmaV2_10_sigmaW2_10,DPFOT,55,0.2,20,epsilon,sinkhorn_iters,30.185840606689453,64.48279571533203,0.24699999392032623,24.69999885559082,200.00001525878906,2.7631173133850098,0.0
sigmaV2_10_sigmaW2_10,DPFOT,11,0.2,50,epsilon,sinkhorn_iters,29.761035919189453,63.5753288269043,0.47699999809265137,47.70000076293945,200.00001525878906,6.363021373748779,0.0
sigmaV2_10_sigmaW2_10,DPFOT,22,0.2,50,epsilon,sinkhorn_iters,30.370637893676758,64.87755584716797,0.5070000290870667,50.70000457763672,200.00001525878906,6.565762996673584,0.0
sigmaV2_10_sigmaW2_10,DPFOT,33,0.2,50,epsilon,sinkhorn_iters,30.244384765625,64.60785675048828,0.47200000286102295,47.20000076293945,200.00001525878906,6.325204372406006,0.0
sigmaV2_10_sigmaW2_10,DPFOT,44,0.2,50,epsilon,sinkhorn_iters,29.8347110748291,63.73271560668945,0.5429999828338623,54.29999923706055,200.00001525878906,6.290041208267212,0.0
sigmaV2_10_sigmaW2_10,DPFOT,55,0.2,50,epsilon,sinkhorn_iters,30.375581741333008,64.88811492919922,0.5070000290870667,50.70000457763672,200.00001525878906,5.9985034465789795,0.0
sigmaV2_10_sigmaW2_10,DPFOT,11,0.2,100,epsilon,sinkhorn_iters,32.75535202026367,69.97176361083984,0.6259999871253967,62.599998474121094,200.00001525878906,12.676888704299927,0.0
sigmaV2_10_sigmaW2_10,DPFOT,22,0.2,100,epsilon,sinkhorn_iters,31.52369499206543,67.34070587158203,0.6309999823570251,63.099998474121094,200.00001525878906,14.013384819030762,0.0
sigmaV2_10_sigmaW2_10,DPFOT,33,0.2,100,epsilon,sinkhorn_iters,31.38973617553711,67.05455017089844,0.6349999904632568,63.5,200.00001525878906,12.666167974472046,0.0
sigmaV2_10_sigmaW2_10,DPFOT,44,0.2,100,epsilon,sinkhorn_iters,30.091882705688477,64.2820816040039,0.6510000228881836,65.10000610351562,200.00001525878906,12.13707971572876,0.0
sigmaV2_10_sigmaW2_10,DPFOT,55,0.2,100,epsilon,sinkhorn_iters,30.660425186157227,65.49659729003906,0.6000000238418579,60.000003814697266,200.00001525878906,12.361865043640137,0.0
sigmaV2_10_sigmaW2_10,DPFOT-HMC,11,0.06,20,epsilon,sinkhorn_iters,29.49618911743164,63.00956344604492,0.23499999940395355,23.5,200.00001525878906,4.0370001792907715,0.0
sigmaV2_10_sigmaW2_10,DPFOT-HMC,22,0.06,20,epsilon,sinkhorn_iters,29.880691528320312,63.830936431884766,0.24400000274181366,24.399999618530273,200.00001525878906,3.804518938064575,0.0
sigmaV2_10_sigmaW2_10,DPFOT-HMC,33,0.06,20,epsilon,sinkhorn_iters,28.860776901245117,61.652198791503906,0.2619999945163727,26.19999885559082,200.00001525878906,4.051245212554932,0.0
sigmaV2_10_sigmaW2_10,DPFOT-HMC,44,0.06,20,epsilon,sinkhorn_iters,29.380834579467773,62.763145446777344,0.2290000021457672,22.899999618530273,200.00001525878906,4.076037168502808,0.0
sigmaV2_10_sigmaW2_10,DPFOT-HMC,55,0.06,20,epsilon,sinkhorn_iters,29.012435913085938,61.97617721557617,0.25699999928474426,25.700000762939453,200.00001525878906,4.154174089431763,0.0
sigmaV2_10_sigmaW2_10,DPFOT-HMC,11,0.06,50,epsilon,sinkhorn_iters,29.009206771850586,61.969276428222656,0.2199999988079071,22.0,200.00001525878906,7.502021312713623,0.0
sigmaV2_10_sigmaW2_10,DPFOT-HMC,22,0.06,50,epsilon,sinkhorn_iters,29.759000778198242,63.57098388671875,0.24400000274181366,24.399999618530273,200.00001525878906,7.654057741165161,0.0
sigmaV2_10_sigmaW2_10,DPFOT-HMC,33,0.06,50,epsilon,sinkhorn_iters,29.170703887939453,62.31426239013672,0.26499998569488525,26.499998092651367,200.00001525878906,7.858574151992798,0.0
sigmaV2_10_sigmaW2_10,DPFOT-HMC,44,0.06,50,epsilon,sinkhorn_iters,29.19192123413086,62.359588623046875,0.25999999046325684,26.0,200.00001525878906,7.600238561630249,0.0
sigmaV2_10_sigmaW2_10,DPFOT-HMC,55,0.06,50,epsilon,sinkhorn_iters,29.193950653076172,62.36392593383789,0.2709999978542328,27.100000381469727,200.00001525878906,7.3461527824401855,0.0
sigmaV2_10_sigmaW2_10,DPFOT-HMC,11,0.06,100,epsilon,sinkhorn_iters,29.653818130493164,63.346290588378906,0.27799999713897705,27.799999237060547,200.00001525878906,13.997466325759888,0.0
sigmaV2_10_sigmaW2_10,DPFOT-HMC,22,0.06,100,epsilon,sinkhorn_iters,29.33318328857422,62.661354064941406,0.3499999940395355,35.0,200.00001525878906,13.462165355682373,0.0
sigmaV2_10_sigmaW2_10,DPFOT-HMC,33,0.06,100,epsilon,sinkhorn_iters,29.335710525512695,62.666751861572266,0.3310000002384186,33.099998474121094,200.00001525878906,13.91917085647583,0.0
sigmaV2_10_sigmaW2_10,DPFOT-HMC,44,0.06,100,epsilon,sinkhorn_iters,30.318069458007812,64.7652587890625,0.3149999976158142,31.5,200.00001525878906,13.62896990776062,0.0
sigmaV2_10_sigmaW2_10,DPFOT-HMC,55,0.06,100,epsilon,sinkhorn_iters,29.870267868041992,63.80867004394531,0.34700000286102295,34.70000076293945,200.00001525878906,13.897162437438965,0.0
sigmaV2_10_sigmaW2_10,DPFOT-HMC,11,0.12,20,epsilon,sinkhorn_iters,29.142379760742188,62.253761291503906,0.23800000548362732,23.80000114440918,200.00001525878906,3.998466968536377,0.0
sigmaV2_10_sigmaW2_10,DPFOT-HMC,22,0.12,20,epsilon,sinkhorn_iters,29.73554039001465,63.5208625793457,0.24699999392032623,24.69999885559082,200.00001525878906,3.815300226211548,0.0
sigmaV2_10_sigmaW2_10,DPFOT-HMC,33,0.12,20,epsilon,sinkhorn_iters,29.24619483947754,62.47552490234375,0.25600001215934753,25.600000381469727,200.00001525878906,4.038359642028809,0.0
sigmaV2_10_sigmaW2_10,DPFOT-HMC,44,0.12,20,epsilon,sinkhorn_iters,28.86992073059082,61.67173767089844,0.24699999392032623,24.69999885559082,200.00001525878906,3.817729949951172,0.0
sigmaV2_10_sigmaW2_10,DPFOT-HMC,55,0.12,20,epsilon,sinkhorn_iters,29.16887855529785,62.310367584228516,0.25,25.0,200.00001525878906,3.807621717453003,0.0
sigmaV2_10_sigmaW2_10,DPFOT-HMC,11,0.12,50,epsilon,sinkhorn_iters,29.212427139282227,62.40339279174805,0.3070000112056732,30.700000762939453,200.00001525878906,7.645518779754639,0.0
sigmaV2_10_sigmaW2_10,DPFOT-HMC,22,0.12,50,epsilon,sinkhorn_iters,29.591039657592773,63.21218490600586,0.3440000116825104,34.400001525878906,200.00001525878906,7.482729911804199,0.0
sigmaV2_10_sigmaW2_10,DPFOT-HMC,33,0.12,50,epsilon,sinkhorn_iters,29.305213928222656,62.60160827636719,0.3190000057220459,31.900001525878906,200.00001525878906,7.3447136878967285,0.0
sigmaV2_10_sigmaW2_10,DPFOT-HMC,44,0.12,50,epsilon,sinkhorn_iters,29.65314483642578,63.344852447509766,0.31299999356269836,31.299999237060547,200.00001525878906,8.164644718170166,0.0
sigmaV2_10_sigmaW2_10,DPFOT-HMC,55,0.12,50,epsilon,sinkhorn_iters,29.422103881835938,62.8513069152832,0.3610000014305115,36.099998474121094,200.00001525878906,7.4341325759887695,0.0
sigmaV2_10_sigmaW2_10,DPFOT-HMC,11,0.12,100,epsilon,sinkhorn_iters,30.047622680664062,64.18753051757812,0.5350000262260437,53.500003814697266,200.00001525878906,14.005301475524902,0.0
sigmaV2_10_sigmaW2_10,DPFOT-HMC,22,0.12,100,epsilon,sinkhorn_iters,29.334049224853516,62.663204193115234,0.5519999861717224,55.19999694824219,200.00001525878906,15.902393579483032,0.0
sigmaV2_10_sigmaW2_10,DPFOT-HMC,33,0.12,100,epsilon,sinkhorn_iters,29.18313980102539,62.3408317565918,0.5059999823570251,50.599998474121094,200.00001525878906,14.878941059112549,0.0
sigmaV2_10_sigmaW2_10,DPFOT-HMC,44,0.12,100,epsilon,sinkhorn_iters,30.381439208984375,64.900634765625,0.574999988079071,57.5,200.00001525878906,13.71696424484253,0.0
sigmaV2_10_sigmaW2_10,DPFOT-HMC,55,0.12,100,epsilon,sinkhorn_iters,29.980722427368164,64.04462432861328,0.5490000247955322,54.900001525878906,200.00001525878906,16.13135576248169,0.0
sigmaV2_10_sigmaW2_10,DPFOT-HMC,11,0.24,20,epsilon,sinkhorn_iters,29.379493713378906,62.760284423828125,0.2630000114440918,26.30000114440918,200.00001525878906,4.167797803878784,0.0
sigmaV2_10_sigmaW2_10,DPFOT-HMC,22,0.24,20,epsilon,sinkhorn_iters,29.82080078125,63.702999114990234,0.24799999594688416,24.799999237060547,200.00001525878906,4.10869026184082,0.0
sigmaV2_10_sigmaW2_10,DPFOT-HMC,33,0.24,20,epsilon,sinkhorn_iters,29.92945098876953,63.935096740722656,0.24899999797344208,24.899999618530273,200.00001525878906,4.009590148925781,0.0
sigmaV2_10_sigmaW2_10,DPFOT-HMC,44,0.24,20,epsilon,sinkhorn_iters,28.566669464111328,61.02393341064453,0.27000001072883606,27.000001907348633,200.00001525878906,4.405470132827759,0.0
sigmaV2_10_sigmaW2_10,DPFOT-HMC,55,0.24,20,epsilon,sinkhorn_iters,29.44186782836914,62.893524169921875,0.3009999990463257,30.100000381469727,200.00001525878906,3.8891613483428955,0.0
sigmaV2_10_sigmaW2_10,DPFOT-HMC,11,0.24,50,epsilon,sinkhorn_iters,30.709880828857422,65.60224151611328,0.5680000185966492,56.80000305175781,200.00001525878906,7.805377006530762,0.0
sigmaV2_10_sigmaW2_10,DPFOT-HMC,22,0.24,50,epsilon,sinkhorn_iters,29.968515396118164,64.01854705810547,0.5659999847412109,56.599998474121094,200.00001525878906,7.575417757034302,0.0
sigmaV2_10_sigmaW2_10,DPFOT-HMC,33,0.24,50,epsilon,sinkhorn_iters,29.277822494506836,62.5430908203125,0.5649999976158142,56.5,200.00001525878906,7.600979328155518,0.0
sigmaV2_10_sigmaW2_10,DPFOT-HMC,44,0.24,50,epsilon,sinkhorn_iters,30.07013511657715,64.23562622070312,0.5260000228881836,52.60000228881836,200.00001525878906,7.275233507156372,0.0
sigmaV2_10_sigmaW2_10,DPFOT-HMC,55,0.24,50,epsilon,sinkhorn_iters,30.106422424316406,64.31314086914062,0.5450000166893005,54.5,200.00001525878906,7.3778581619262695,0.0
sigmaV2_10_sigmaW2_10,DPFOT-HMC,11,0.24,100,epsilon,sinkhorn_iters,31.519800186157227,67.33238983154297,0.6209999918937683,62.099998474121094,200.00001525878906,13.802273511886597,0.0
sigmaV2_10_sigmaW2_10,DPFOT-HMC,22,0.24,100,epsilon,sinkhorn_iters,32.266563415527344,68.92761993408203,0.6600000262260437,66.0,200.00001525878906,13.71805214881897,0.0
sigmaV2_10_sigmaW2_10,DPFOT-HMC,33,0.24,100,epsilon,sinkhorn_iters,31.765079498291016,67.85635375976562,0.652999997138977,65.30000305175781,200.00001525878906,13.893891334533691,0.0
sigmaV2_10_sigmaW2_10,DPFOT-HMC,44,0.24,100,epsilon,sinkhorn_iters,34.781036376953125,74.29901885986328,0.6309999823570251,63.099998474121094,200.00001525878906,14.543991088867188,0.0
sigmaV2_10_sigmaW2_10,DPFOT-HMC,55,0.24,100,epsilon,sinkhorn_iters,31.58991241455078,67.48216247558594,0.6389999985694885,63.900001525878906,200.00001525878906,14.714911937713623,0.0
sigmaV2_10_sigmaW2_10,DPF-GradNet,11,0.2,1,transport_strength,transport_passes,25.291282653808594,54.027069091796875,0.8529999852180481,85.29999542236328,200.00001525878906,0.3781275749206543,0.0
sigmaV2_10_sigmaW2_10,DPF-GradNet,22,0.2,1,transport_strength,transport_passes,25.202083587646484,53.83652114868164,0.8550000190734863,85.5,200.00001525878906,0.39240121841430664,0.0
sigmaV2_10_sigmaW2_10,DPF-GradNet,33,0.2,1,transport_strength,transport_passes,25.192127227783203,53.81525421142578,0.8489999771118164,84.89999389648438,200.00001525878906,0.49212098121643066,0.0
sigmaV2_10_sigmaW2_10,DPF-GradNet,44,0.2,1,transport_strength,transport_passes,25.038599014282227,53.48728942871094,0.8669999837875366,86.69999694824219,200.00001525878906,0.4537031650543213,0.0
sigmaV2_10_sigmaW2_10,DPF-GradNet,55,0.2,1,transport_strength,transport_passes,26.018495559692383,55.58053970336914,0.843999981880188,84.4000015258789,200.00001525878906,0.37211060523986816,0.0
sigmaV2_10_sigmaW2_10,DPF-GradNet,11,0.2,2,transport_strength,transport_passes,24.718730926513672,52.80398941040039,0.722000002861023,72.19999694824219,200.00001525878906,0.6054420471191406,0.0
sigmaV2_10_sigmaW2_10,DPF-GradNet,22,0.2,2,transport_strength,transport_passes,25.53611183166504,54.550071716308594,0.6859999895095825,68.5999984741211,200.00001525878906,0.5718529224395752,0.0
sigmaV2_10_sigmaW2_10,DPF-GradNet,33,0.2,2,transport_strength,transport_passes,27.104990005493164,57.9015007019043,0.671999990940094,67.19999694824219,200.00001525878906,0.5308120250701904,0.0
sigmaV2_10_sigmaW2_10,DPF-GradNet,44,0.2,2,transport_strength,transport_passes,25.50824546813965,54.490543365478516,0.7089999914169312,70.9000015258789,200.00001525878906,0.5515642166137695,0.0
sigmaV2_10_sigmaW2_10,DPF-GradNet,55,0.2,2,transport_strength,transport_passes,23.61905860900879,50.45487594604492,0.7160000205039978,71.5999984741211,200.00001525878906,0.5817267894744873,0.0
sigmaV2_10_sigmaW2_10,DPF-GradNet,11,0.2,4,transport_strength,transport_passes,29.58523178100586,63.19977569580078,0.44600000977516174,44.60000228881836,200.00001525878906,0.9597220420837402,0.0
sigmaV2_10_sigmaW2_10,DPF-GradNet,22,0.2,4,transport_strength,transport_passes,27.53934097290039,58.8293571472168,0.4569999873638153,45.69999694824219,200.00001525878906,0.9225211143493652,0.0
sigmaV2_10_sigmaW2_10,DPF-GradNet,33,0.2,4,transport_strength,transport_passes,29.685197830200195,63.41332244873047,0.453000009059906,45.29999923706055,200.00001525878906,1.0445551872253418,0.0
sigmaV2_10_sigmaW2_10,DPF-GradNet,44,0.2,4,transport_strength,transport_passes,28.268808364868164,60.38764190673828,0.460999995470047,46.099998474121094,200.00001525878906,0.978003978729248,0.0
sigmaV2_10_sigmaW2_10,DPF-GradNet,55,0.2,4,transport_strength,transport_passes,32.47246551513672,69.36746978759766,0.41600000858306885,41.60000228881836,200.00001525878906,1.0180447101593018,0.0
sigmaV2_10_sigmaW2_10,DPF-GradNet,11,0.35,1,transport_strength,transport_passes,24.100061416625977,51.482391357421875,0.7279999852180481,72.79999542236328,200.00001525878906,0.3744699954986572,0.0
sigmaV2_10_sigmaW2_10,DPF-GradNet,22,0.35,1,transport_strength,transport_passes,25.47244644165039,54.41407012939453,0.7059999704360962,70.5999984741211,200.00001525878906,0.3965909481048584,0.0
sigmaV2_10_sigmaW2_10,DPF-GradNet,33,0.35,1,transport_strength,transport_passes,25.398073196411133,54.25519943237305,0.7149999737739563,71.5,200.00001525878906,0.4975318908691406,0.0
sigmaV2_10_sigmaW2_10,DPF-GradNet,44,0.35,1,transport_strength,transport_passes,23.984434127807617,51.235389709472656,0.734000027179718,73.4000015258789,200.00001525878906,0.38800811767578125,0.0
sigmaV2_10_sigmaW2_10,DPF-GradNet,55,0.35,1,transport_strength,transport_passes,23.95058250427246,51.16307830810547,0.7300000190734863,73.0,200.00001525878906,0.3485848903656006,0.0
sigmaV2_10_sigmaW2_10,DPF-GradNet,11,0.35,2,transport_strength,transport_passes,29.586580276489258,63.20265579223633,0.45500001311302185,45.5,200.00001525878906,0.5623941421508789,0.0
sigmaV2_10_sigmaW2_10,DPF-GradNet,22,0.35,2,transport_strength,transport_passes,30.151704788208008,64.40987396240234,0.4189999997615814,41.900001525878906,200.00001525878906,0.548736572265625,0.0
sigmaV2_10_sigmaW2_10,DPF-GradNet,33,0.35,2,transport_strength,transport_passes,29.874855041503906,63.8184700012207,0.4480000138282776,44.80000305175781,200.00001525878906,0.5772016048431396,0.0
sigmaV2_10_sigmaW2_10,DPF-GradNet,44,0.35,2,transport_strength,transport_passes,28.978715896606445,61.90414047241211,0.4580000042915344,45.79999923706055,200.00001525878906,0.6463229656219482,0.0
sigmaV2_10_sigmaW2_10,DPF-GradNet,55,0.35,2,transport_strength,transport_passes,29.10295867919922,62.16954803466797,0.4399999976158142,44.0,200.00001525878906,0.5461077690124512,0.0
sigmaV2_10_sigmaW2_10,DPF-GradNet,11,0.35,4,transport_strength,transport_passes,36.65346145629883,78.29888153076172,0.16500000655651093,16.5,200.00001525878906,0.9304265975952148,0.0
sigmaV2_10_sigmaW2_10,DPF-GradNet,22,0.35,4,transport_strength,transport_passes,35.604469299316406,76.05803680419922,0.16599999368190765,16.599998474121094,200.00001525878906,0.9768812656402588,0.0
sigmaV2_10_sigmaW2_10,DPF-GradNet,33,0.35,4,transport_strength,transport_passes,35.467674255371094,75.76580810546875,0.16200000047683716,16.200000762939453,200.00001525878906,1.0695631504058838,0.0
sigmaV2_10_sigmaW2_10,DPF-GradNet,44,0.35,4,transport_strength,transport_passes,36.120155334472656,77.15963745117188,0.16099999845027924,16.100000381469727,200.00001525878906,1.13531494140625,0.0
sigmaV2_10_sigmaW2_10,DPF-GradNet,55,0.35,4,transport_strength,transport_passes,35.35283279418945,75.5204849243164,0.17599999904632568,17.600000381469727,200.00001525878906,1.0529744625091553,0.0
sigmaV2_10_sigmaW2_10,DPF-GradNet,11,0.5,1,transport_strength,transport_passes,26.775209426879883,57.197025299072266,0.5389999747276306,53.89999771118164,200.00001525878906,0.3370649814605713,0.0
sigmaV2_10_sigmaW2_10,DPF-GradNet,22,0.5,1,transport_strength,transport_passes,27.934898376464844,59.67434310913086,0.5189999938011169,51.89999771118164,200.00001525878906,0.3319978713989258,0.0
sigmaV2_10_sigmaW2_10,DPF-GradNet,33,0.5,1,transport_strength,transport_passes,28.331905364990234,60.52242660522461,0.5429999828338623,54.29999923706055,200.00001525878906,0.3309366703033447,0.0
sigmaV2_10_sigmaW2_10,DPF-GradNet,44,0.5,1,transport_strength,transport_passes,25.7956485748291,55.104496002197266,0.5609999895095825,56.099998474121094,200.00001525878906,0.3319985866546631,0.0
sigmaV2_10_sigmaW2_10,DPF-GradNet,55,0.5,1,transport_strength,transport_passes,27.160884857177734,58.02090072631836,0.5410000085830688,54.10000228881836,200.00001525878906,0.332167387008667,0.0
sigmaV2_10_sigmaW2_10,DPF-GradNet,11,0.5,2,transport_strength,transport_passes,34.507911682128906,73.715576171875,0.24500000476837158,24.5,200.00001525878906,0.49300146102905273,0.0
sigmaV2_10_sigmaW2_10,DPF-GradNet,22,0.5,2,transport_strength,transport_passes,34.49586868286133,73.68984985351562,0.2590000033378601,25.899999618530273,200.00001525878906,0.49874258041381836,0.0
sigmaV2_10_sigmaW2_10,DPF-GradNet,33,0.5,2,transport_strength,transport_passes,33.952964782714844,72.53009796142578,0.257999986410141,25.799999237060547,200.00001525878906,0.49433445930480957,0.0
sigmaV2_10_sigmaW2_10,DPF-GradNet,44,0.5,2,transport_strength,transport_passes,34.390995025634766,73.4658203125,0.2409999966621399,24.100000381469727,200.00001525878906,0.5151848793029785,0.0
sigmaV2_10_sigmaW2_10,DPF-GradNet,55,0.5,2,transport_strength,transport_passes,31.472591400146484,67.23153686523438,0.2639999985694885,26.399999618530273,200.00001525878906,0.49629759788513184,0.0
sigmaV2_10_sigmaW2_10,DPF-GradNet,11,0.5,4,transport_strength,transport_passes,38.77529525756836,82.83152770996094,0.05299999937415123,5.299999713897705,200.00001525878906,0.804811954498291,0.0
sigmaV2_10_sigmaW2_10,DPF-GradNet,22,0.5,4,transport_strength,transport_passes,38.59917449951172,82.4552993774414,0.05400000140070915,5.400000095367432,200.00001525878906,0.8029613494873047,0.0
sigmaV2_10_sigmaW2_10,DPF-GradNet,33,0.5,4,transport_strength,transport_passes,36.79123306274414,78.59319305419922,0.04699999839067459,4.699999809265137,200.00001525878906,0.8035800457000732,0.0
sigmaV2_10_sigmaW2_10,DPF-GradNet,44,0.5,4,transport_strength,transport_passes,37.523929595947266,80.15837097167969,0.05000000074505806,5.0,200.00001525878906,0.8017923831939697,0.0
sigmaV2_10_sigmaW2_10,DPF-GradNet,55,0.5,4,transport_strength,transport_passes,34.79241943359375,74.32333374023438,0.06400000303983688,6.400000095367432,200.00001525878906,0.795778751373291,0.0
sigmaV2_10_sigmaW2_10,DPFNet-HMC,11,0.2,1,transport_strength,hmc_steps,25.527420043945312,54.5315055847168,0.8500000238418579,85.0,200.00001525878906,1.0372700691223145,0.0
sigmaV2_10_sigmaW2_10,DPFNet-HMC,22,0.2,1,transport_strength,hmc_steps,25.34358787536621,54.13880920410156,0.8510000109672546,85.0999984741211,200.00001525878906,1.0468535423278809,0.0
sigmaV2_10_sigmaW2_10,DPFNet-HMC,33,0.2,1,transport_strength,hmc_steps,25.414493560791016,54.29027557373047,0.843999981880188,84.4000015258789,200.00001525878906,1.037951946258545,0.0
sigmaV2_10_sigmaW2_10,DPFNet-HMC,44,0.2,1,transport_strength,hmc_steps,25.582185745239258,54.648494720458984,0.8360000252723694,83.60000610351562,200.00001525878906,1.0435242652893066,0.0
sigmaV2_10_sigmaW2_10,DPFNet-HMC,55,0.2,1,transport_strength,hmc_steps,25.303407669067383,54.052974700927734,0.8349999785423279,83.5,200.00001525878906,1.027768611907959,0.0
sigmaV2_10_sigmaW2_10,DPFNet-HMC,11,0.2,2,transport_strength,hmc_steps,25.483016967773438,54.43665313720703,0.8410000205039978,84.0999984741211,200.00001525878906,1.6856472492218018,0.0
sigmaV2_10_sigmaW2_10,DPFNet-HMC,22,0.2,2,transport_strength,hmc_steps,25.267417907714844,53.97608947753906,0.8510000109672546,85.0999984741211,200.00001525878906,1.6879198551177979,0.0
sigmaV2_10_sigmaW2_10,DPFNet-HMC,33,0.2,2,transport_strength,hmc_steps,25.54665756225586,54.572601318359375,0.8339999914169312,83.4000015258789,200.00001525878906,2.4394569396972656,0.0
sigmaV2_10_sigmaW2_10,DPFNet-HMC,44,0.2,2,transport_strength,hmc_steps,25.02489471435547,53.45801544189453,0.8510000109672546,85.0999984741211,200.00001525878906,2.1053524017333984,0.0
sigmaV2_10_sigmaW2_10,DPFNet-HMC,55,0.2,2,transport_strength,hmc_steps,25.286317825317383,54.0164680480957,0.8429999947547913,84.30000305175781,200.00001525878906,2.0126423835754395,0.0
sigmaV2_10_sigmaW2_10,DPFNet-HMC,11,0.2,4,transport_strength,hmc_steps,26.044540405273438,55.63617706298828,0.8460000157356262,84.5999984741211,200.00001525878906,3.5333616733551025,0.0
sigmaV2_10_sigmaW2_10,DPFNet-HMC,22,0.2,4,transport_strength,hmc_steps,25.55998420715332,54.60107421875,0.8460000157356262,84.5999984741211,200.00001525878906,3.576104164123535,0.0
sigmaV2_10_sigmaW2_10,DPFNet-HMC,33,0.2,4,transport_strength,hmc_steps,26.049142837524414,55.6460075378418,0.8339999914169312,83.4000015258789,200.00001525878906,3.603980302810669,0.0
sigmaV2_10_sigmaW2_10,DPFNet-HMC,44,0.2,4,transport_strength,hmc_steps,25.32591438293457,54.10105514526367,0.8529999852180481,85.29999542236328,200.00001525878906,3.6370937824249268,0.0
sigmaV2_10_sigmaW2_10,DPFNet-HMC,55,0.2,4,transport_strength,hmc_steps,24.976160049438477,53.35390853881836,0.8450000286102295,84.5,200.00001525878906,3.531100273132324,0.0
sigmaV2_10_sigmaW2_10,DPFNet-HMC,11,0.35,1,transport_strength,hmc_steps,25.11299705505371,53.64622116088867,0.7129999995231628,71.30000305175781,200.00001525878906,1.1974427700042725,0.0
sigmaV2_10_sigmaW2_10,DPFNet-HMC,22,0.35,1,transport_strength,hmc_steps,25.110815048217773,53.64155960083008,0.7200000286102295,72.0,200.00001525878906,1.1675705909729004,0.0
sigmaV2_10_sigmaW2_10,DPFNet-HMC,33,0.35,1,transport_strength,hmc_steps,27.036043167114258,57.754215240478516,0.6800000071525574,68.0,200.00001525878906,1.2398290634155273,0.0
sigmaV2_10_sigmaW2_10,DPFNet-HMC,44,0.35,1,transport_strength,hmc_steps,23.787466049194336,50.81462860107422,0.746999979019165,74.69999694824219,200.00001525878906,1.1675102710723877,0.0
sigmaV2_10_sigmaW2_10,DPFNet-HMC,55,0.35,1,transport_strength,hmc_steps,25.320539474487305,54.089569091796875,0.7080000042915344,70.80000305175781,200.00001525878906,1.158756971359253,0.0
sigmaV2_10_sigmaW2_10,DPFNet-HMC,11,0.35,2,transport_strength,hmc_steps,25.38547134399414,54.228275299072266,0.7179999947547913,71.80000305175781,200.00001525878906,2.062920331954956,0.0
sigmaV2_10_sigmaW2_10,DPFNet-HMC,22,0.35,2,transport_strength,hmc_steps,24.4005069732666,52.124202728271484,0.718999981880188,71.9000015258789,200.00001525878906,2.088792085647583,0.0
sigmaV2_10_sigmaW2_10,DPFNet-HMC,33,0.35,2,transport_strength,hmc_steps,26.578256607055664,56.77629852294922,0.6729999780654907,67.29999542236328,200.00001525878906,1.996372938156128,0.0
sigmaV2_10_sigmaW2_10,DPFNet-HMC,44,0.35,2,transport_strength,hmc_steps,24.3072566986084,51.92499923706055,0.7179999947547913,71.80000305175781,200.00001525878906,1.9739177227020264,0.0
sigmaV2_10_sigmaW2_10,DPFNet-HMC,55,0.35,2,transport_strength,hmc_steps,25.424360275268555,54.31135177612305,0.7200000286102295,72.0,200.00001525878906,2.0317554473876953,0.0
sigmaV2_10_sigmaW2_10,DPFNet-HMC,11,0.35,4,transport_strength,hmc_steps,23.786149978637695,50.81181716918945,0.7409999966621399,74.0999984741211,200.00001525878906,3.6094741821289062,0.0
sigmaV2_10_sigmaW2_10,DPFNet-HMC,22,0.35,4,transport_strength,hmc_steps,24.39604377746582,52.11466979980469,0.7350000143051147,73.5,200.00001525878906,3.435227155685425,0.0
sigmaV2_10_sigmaW2_10,DPFNet-HMC,33,0.35,4,transport_strength,hmc_steps,25.339923858642578,54.130977630615234,0.7110000252723694,71.10000610351562,200.00001525878906,3.5472450256347656,0.0
sigmaV2_10_sigmaW2_10,DPFNet-HMC,44,0.35,4,transport_strength,hmc_steps,24.614229202270508,52.580753326416016,0.722000002861023,72.19999694824219,200.00001525878906,3.758875846862793,0.0
sigmaV2_10_sigmaW2_10,DPFNet-HMC,55,0.35,4,transport_strength,hmc_steps,25.43852996826172,54.34162139892578,0.6980000138282776,69.80000305175781,200.00001525878906,3.5969085693359375,0.0
sigmaV2_10_sigmaW2_10,DPFNet-HMC,11,0.5,1,transport_strength,hmc_steps,27.362611770629883,58.45183181762695,0.5590000152587891,55.900001525878906,200.00001525878906,1.1288533210754395,0.0
sigmaV2_10_sigmaW2_10,DPFNet-HMC,22,0.5,1,transport_strength,hmc_steps,26.38688087463379,56.36747741699219,0.5440000295639038,54.400001525878906,200.00001525878906,1.2314324378967285,0.0
sigmaV2_10_sigmaW2_10,DPFNet-HMC,33,0.5,1,transport_strength,hmc_steps,28.43709373474121,60.747135162353516,0.5180000066757202,51.79999923706055,200.00001525878906,1.0887432098388672,0.0
sigmaV2_10_sigmaW2_10,DPFNet-HMC,44,0.5,1,transport_strength,hmc_steps,29.179433822631836,62.33291244506836,0.5130000114440918,51.30000305175781,200.00001525878906,1.0919528007507324,0.0
sigmaV2_10_sigmaW2_10,DPFNet-HMC,55,0.5,1,transport_strength,hmc_steps,26.56155014038086,56.74060821533203,0.5540000200271606,55.400001525878906,200.00001525878906,1.0855119228363037,0.0
sigmaV2_10_sigmaW2_10,DPFNet-HMC,11,0.5,2,transport_strength,hmc_steps,27.608001708984375,58.97603225708008,0.5370000004768372,53.70000076293945,200.00001525878906,1.8939480781555176,0.0
sigmaV2_10_sigmaW2_10,DPFNet-HMC,22,0.5,2,transport_strength,hmc_steps,27.068273544311523,57.82306671142578,0.5509999990463257,55.099998474121094,200.00001525878906,1.8032495975494385,0.0
sigmaV2_10_sigmaW2_10,DPFNet-HMC,33,0.5,2,transport_strength,hmc_steps,27.245681762695312,58.20204544067383,0.5540000200271606,55.400001525878906,200.00001525878906,1.9695231914520264,0.0
sigmaV2_10_sigmaW2_10,DPFNet-HMC,44,0.5,2,transport_strength,hmc_steps,27.723630905151367,59.22303771972656,0.5389999747276306,53.89999771118164,200.00001525878906,1.8495368957519531,0.0
sigmaV2_10_sigmaW2_10,DPFNet-HMC,55,0.5,2,transport_strength,hmc_steps,26.86455726623535,57.38789367675781,0.5339999794960022,53.39999771118164,200.00001525878906,1.9742553234100342,0.0
sigmaV2_10_sigmaW2_10,DPFNet-HMC,11,0.5,4,transport_strength,hmc_steps,26.595739364624023,56.81364440917969,0.5540000200271606,55.400001525878906,200.00001525878906,3.393831491470337,0.0
sigmaV2_10_sigmaW2_10,DPFNet-HMC,22,0.5,4,transport_strength,hmc_steps,27.899805068969727,59.59938049316406,0.5180000066757202,51.79999923706055,200.00001525878906,3.3206748962402344,0.0
sigmaV2_10_sigmaW2_10,DPFNet-HMC,33,0.5,4,transport_strength,hmc_steps,27.439634323120117,58.616363525390625,0.5270000100135803,52.70000076293945,200.00001525878906,3.4821739196777344,0.0
sigmaV2_10_sigmaW2_10,DPFNet-HMC,44,0.5,4,transport_strength,hmc_steps,27.35625457763672,58.43825149536133,0.5529999732971191,55.29999542236328,200.00001525878906,3.4786980152130127,0.0
sigmaV2_10_sigmaW2_10,DPFNet-HMC,55,0.5,4,transport_strength,hmc_steps,26.029356002807617,55.603736877441406,0.5640000104904175,56.400001525878906,200.00001525878906,3.399548053741455,0.0
sigmaV2_10_sigmaW2_1,DPFOT,11,0.05,20,epsilon,sinkhorn_iters,28.462554931640625,60.80152130126953,0.24799999594688416,24.799999237060547,200.00001525878906,2.9734883308410645,0.0
sigmaV2_10_sigmaW2_1,DPFOT,22,0.05,20,epsilon,sinkhorn_iters,29.374496459960938,62.74960708618164,0.22200000286102295,22.200000762939453,200.00001525878906,2.58541202545166,0.0
sigmaV2_10_sigmaW2_1,DPFOT,33,0.05,20,epsilon,sinkhorn_iters,30.124013900756836,64.35072326660156,0.23800000548362732,23.80000114440918,200.00001525878906,2.6098074913024902,0.0
sigmaV2_10_sigmaW2_1,DPFOT,44,0.05,20,epsilon,sinkhorn_iters,29.01297950744629,61.977333068847656,0.26600000262260437,26.600000381469727,200.00001525878906,2.5970683097839355,0.0
sigmaV2_10_sigmaW2_1,DPFOT,55,0.05,20,epsilon,sinkhorn_iters,29.37053108215332,62.74113845825195,0.22499999403953552,22.5,200.00001525878906,2.6923813819885254,0.0
sigmaV2_10_sigmaW2_1,DPFOT,11,0.05,50,epsilon,sinkhorn_iters,30.284345626831055,64.69322204589844,0.46299999952316284,46.29999923706055,200.00001525878906,6.6120688915252686,0.0
sigmaV2_10_sigmaW2_1,DPFOT,22,0.05,50,epsilon,sinkhorn_iters,29.314571380615234,62.6215934753418,0.5189999938011169,51.89999771118164,200.00001525878906,6.378328800201416,0.0
sigmaV2_10_sigmaW2_1,DPFOT,33,0.05,50,epsilon,sinkhorn_iters,29.24645233154297,62.476078033447266,0.5059999823570251,50.599998474121094,200.00001525878906,6.137523651123047,0.0
sigmaV2_10_sigmaW2_1,DPFOT,44,0.05,50,epsilon,sinkhorn_iters,31.17746925354004,66.60110473632812,0.5040000081062317,50.400001525878906,200.00001525878906,6.404298782348633,0.0
sigmaV2_10_sigmaW2_1,DPFOT,55,0.05,50,epsilon,sinkhorn_iters,29.718673706054688,63.48483657836914,0.5059999823570251,50.599998474121094,200.00001525878906,6.336623907089233,0.0
sigmaV2_10_sigmaW2_1,DPFOT,11,0.05,100,epsilon,sinkhorn_iters,30.54436492919922,65.24867248535156,0.4779999852180481,47.79999923706055,200.00001525878906,12.838907241821289,0.0
sigmaV2_10_sigmaW2_1,DPFOT,22,0.05,100,epsilon,sinkhorn_iters,30.75375747680664,65.69597625732422,0.49399998784065247,49.39999771118164,200.00001525878906,12.679419755935669,0.0
sigmaV2_10_sigmaW2_1,DPFOT,33,0.05,100,epsilon,sinkhorn_iters,31.80154037475586,67.93424224853516,0.5109999775886536,51.099998474121094,200.00001525878906,12.779655933380127,0.0
sigmaV2_10_sigmaW2_1,DPFOT,44,0.05,100,epsilon,sinkhorn_iters,30.823396682739258,65.84473419189453,0.5070000290870667,50.70000457763672,200.00001525878906,12.540613412857056,0.0
sigmaV2_10_sigmaW2_1,DPFOT,55,0.05,100,epsilon,sinkhorn_iters,31.252716064453125,66.7618408203125,0.503000020980835,50.30000305175781,200.00001525878906,12.871843338012695,0.0
sigmaV2_10_sigmaW2_1,DPFOT,11,0.1,20,epsilon,sinkhorn_iters,28.252986907958984,60.353843688964844,0.453000009059906,45.29999923706055,200.00001525878906,2.64131236076355,0.0
sigmaV2_10_sigmaW2_1,DPFOT,22,0.1,20,epsilon,sinkhorn_iters,29.03494644165039,62.024261474609375,0.4659999907016754,46.599998474121094,200.00001525878906,2.5048208236694336,0.0
sigmaV2_10_sigmaW2_1,DPFOT,33,0.1,20,epsilon,sinkhorn_iters,29.410934448242188,62.82744598388672,0.4440000057220459,44.400001525878906,200.00001525878906,2.7968339920043945,0.0
sigmaV2_10_sigmaW2_1,DPFOT,44,0.1,20,epsilon,sinkhorn_iters,31.64779281616211,67.60580444335938,0.4690000116825104,46.900001525878906,200.00001525878906,2.6367385387420654,0.0
sigmaV2_10_sigmaW2_1,DPFOT,55,0.1,20,epsilon,sinkhorn_iters,29.20262908935547,62.38246536254883,0.453000009059906,45.29999923706055,200.00001525878906,2.663670301437378,0.0
sigmaV2_10_sigmaW2_1,DPFOT,11,0.1,50,epsilon,sinkhorn_iters,31.9161376953125,68.17904663085938,0.5139999985694885,51.400001525878906,200.00001525878906,6.613189697265625,0.0
sigmaV2_10_sigmaW2_1,DPFOT,22,0.1,50,epsilon,sinkhorn_iters,31.263595581054688,66.78508758544922,0.5149999856948853,51.5,200.00001525878906,6.5323872566223145,0.0
sigmaV2_10_sigmaW2_1,DPFOT,33,0.1,50,epsilon,sinkhorn_iters,31.494626998901367,67.27861022949219,0.531000018119812,53.10000228881836,200.00001525878906,6.351844787597656,0.0
sigmaV2_10_sigmaW2_1,DPFOT,44,0.1,50,epsilon,sinkhorn_iters,31.514820098876953,67.32174682617188,0.5289999842643738,52.89999771118164,200.00001525878906,6.209587574005127,0.0
sigmaV2_10_sigmaW2_1,DPFOT,55,0.1,50,epsilon,sinkhorn_iters,31.09406852722168,66.42294311523438,0.5189999938011169,51.89999771118164,200.00001525878906,6.125527858734131,0.0
sigmaV2_10_sigmaW2_1,DPFOT,11,0.1,100,epsilon,sinkhorn_iters,32.75605392456055,69.9732666015625,0.4189999997615814,41.900001525878906,200.00001525878906,12.737361669540405,0.0
sigmaV2_10_sigmaW2_1,DPFOT,22,0.1,100,epsilon,sinkhorn_iters,32.263736724853516,68.92158508300781,0.36899998784065247,36.89999771118164,200.00001525878906,13.02538251876831,0.0
sigmaV2_10_sigmaW2_1,DPFOT,33,0.1,100,epsilon,sinkhorn_iters,31.249067306518555,66.7540512084961,0.40700000524520874,40.70000076293945,200.00001525878906,12.411966562271118,0.0
sigmaV2_10_sigmaW2_1,DPFOT,44,0.1,100,epsilon,sinkhorn_iters,32.55207824707031,69.53753662109375,0.414000004529953,41.400001525878906,200.00001525878906,12.936204433441162,0.0
sigmaV2_10_sigmaW2_1,DPFOT,55,0.1,100,epsilon,sinkhorn_iters,32.22715377807617,68.84342956542969,0.3970000147819519,39.70000076293945,200.00001525878906,12.059120178222656,0.0
sigmaV2_10_sigmaW2_1,DPFOT,11,0.2,20,epsilon,sinkhorn_iters,29.688053131103516,63.41942596435547,0.5239999890327454,52.39999771118164,200.00001525878906,2.765713930130005,0.0
sigmaV2_10_sigmaW2_1,DPFOT,22,0.2,20,epsilon,sinkhorn_iters,30.026384353637695,64.14216613769531,0.5490000247955322,54.900001525878906,200.00001525878906,2.69657564163208,0.0
sigmaV2_10_sigmaW2_1,DPFOT,33,0.2,20,epsilon,sinkhorn_iters,31.179763793945312,66.60600280761719,0.5419999957084656,54.20000076293945,200.00001525878906,2.4656381607055664,0.0
sigmaV2_10_sigmaW2_1,DPFOT,44,0.2,20,epsilon,sinkhorn_iters,32.81462860107422,70.09839630126953,0.5360000133514404,53.60000228881836,200.00001525878906,2.436441421508789,0.0
sigmaV2_10_sigmaW2_1,DPFOT,55,0.2,20,epsilon,sinkhorn_iters,30.140365600585938,64.38565063476562,0.5389999747276306,53.89999771118164,200.00001525878906,2.7624335289001465,0.0
sigmaV2_10_sigmaW2_1,DPFOT,11,0.2,50,epsilon,sinkhorn_iters,32.74448013305664,69.94853973388672,0.39899998903274536,39.89999771118164,200.00001525878906,6.314996719360352,0.0
sigmaV2_10_sigmaW2_1,DPFOT,22,0.2,50,epsilon,sinkhorn_iters,31.83124542236328,67.99769592285156,0.46000000834465027,46.0,200.00001525878906,6.440320014953613,0.0
sigmaV2_10_sigmaW2_1,DPFOT,33,0.2,50,epsilon,sinkhorn_iters,30.797306060791016,65.78900146484375,0.39100000262260437,39.099998474121094,200.00001525878906,6.303279399871826,0.0
sigmaV2_10_sigmaW2_1,DPFOT,44,0.2,50,epsilon,sinkhorn_iters,32.579315185546875,69.59571838378906,0.41600000858306885,41.60000228881836,200.00001525878906,6.406477212905884,0.0
sigmaV2_10_sigmaW2_1,DPFOT,55,0.2,50,epsilon,sinkhorn_iters,33.50288009643555,71.56863403320312,0.3630000054836273,36.29999923706055,200.00001525878906,6.443645477294922,0.0
sigmaV2_10_sigmaW2_1,DPFOT,11,0.2,100,epsilon,sinkhorn_iters,33.75048828125,72.09757232666016,0.2240000069141388,22.400001525878906,200.00001525878906,12.80566930770874,0.0
sigmaV2_10_sigmaW2_1,DPFOT,22,0.2,100,epsilon,sinkhorn_iters,36.41921615600586,77.79849243164062,0.2070000022649765,20.700000762939453,200.00001525878906,12.476838111877441,0.0
sigmaV2_10_sigmaW2_1,DPFOT,33,0.2,100,epsilon,sinkhorn_iters,36.892574310302734,78.8096694946289,0.23000000417232513,23.0,200.00001525878906,12.732072114944458,0.0
sigmaV2_10_sigmaW2_1,DPFOT,44,0.2,100,epsilon,sinkhorn_iters,34.46080017089844,73.61493682861328,0.24199999868869781,24.200000762939453,200.00001525878906,11.909637689590454,0.0
sigmaV2_10_sigmaW2_1,DPFOT,55,0.2,100,epsilon,sinkhorn_iters,34.736724853515625,74.20436096191406,0.28299999237060547,28.299999237060547,200.00001525878906,8.765021562576294,0.0
sigmaV2_10_sigmaW2_1,DPFOT-HMC,11,0.06,20,epsilon,sinkhorn_iters,29.414230346679688,62.83448791503906,0.32600000500679016,32.60000228881836,200.00001525878906,3.13378643989563,0.0
sigmaV2_10_sigmaW2_1,DPFOT-HMC,22,0.06,20,epsilon,sinkhorn_iters,29.004051208496094,61.95825958251953,0.3089999854564667,30.89999771118164,200.00001525878906,3.0911059379577637,0.0
sigmaV2_10_sigmaW2_1,DPFOT-HMC,33,0.06,20,epsilon,sinkhorn_iters,28.91338348388672,61.76457977294922,0.29499998688697815,29.499998092651367,200.00001525878906,3.172476291656494,0.0
sigmaV2_10_sigmaW2_1,DPFOT-HMC,44,0.06,20,epsilon,sinkhorn_iters,28.38633918762207,60.63871383666992,0.2770000100135803,27.700000762939453,200.00001525878906,3.1407039165496826,0.0
sigmaV2_10_sigmaW2_1,DPFOT-HMC,55,0.06,20,epsilon,sinkhorn_iters,28.56307029724121,61.01624298095703,0.3319999873638153,33.19999694824219,200.00001525878906,3.166043996810913,0.0
sigmaV2_10_sigmaW2_1,DPFOT-HMC,11,0.06,50,epsilon,sinkhorn_iters,30.339670181274414,64.8114013671875,0.531000018119812,53.10000228881836,200.00001525878906,5.851924180984497,0.0
sigmaV2_10_sigmaW2_1,DPFOT-HMC,22,0.06,50,epsilon,sinkhorn_iters,29.727779388427734,63.5042839050293,0.5410000085830688,54.10000228881836,200.00001525878906,5.8168792724609375,0.0
sigmaV2_10_sigmaW2_1,DPFOT-HMC,33,0.06,50,epsilon,sinkhorn_iters,29.807188034057617,63.67391586303711,0.527999997138977,52.79999923706055,200.00001525878906,5.622138977050781,0.0
sigmaV2_10_sigmaW2_1,DPFOT-HMC,44,0.06,50,epsilon,sinkhorn_iters,30.519699096679688,65.19598388671875,0.4959999918937683,49.599998474121094,200.00001525878906,5.729159355163574,0.0
sigmaV2_10_sigmaW2_1,DPFOT-HMC,55,0.06,50,epsilon,sinkhorn_iters,30.07976722717285,64.2562026977539,0.5350000262260437,53.500003814697266,200.00001525878906,5.73464035987854,0.0
sigmaV2_10_sigmaW2_1,DPFOT-HMC,11,0.06,100,epsilon,sinkhorn_iters,30.994176864624023,66.20955657958984,0.47600001096725464,47.60000228881836,200.00001525878906,10.007867813110352,0.0
sigmaV2_10_sigmaW2_1,DPFOT-HMC,22,0.06,100,epsilon,sinkhorn_iters,31.438947677612305,67.15967559814453,0.492000013589859,49.20000076293945,200.00001525878906,10.08186388015747,0.0
sigmaV2_10_sigmaW2_1,DPFOT-HMC,33,0.06,100,epsilon,sinkhorn_iters,30.611919403076172,65.39298248291016,0.47699999809265137,47.70000076293945,200.00001525878906,13.643640756607056,0.0
sigmaV2_10_sigmaW2_1,DPFOT-HMC,44,0.06,100,epsilon,sinkhorn_iters,31.332942962646484,66.9332275390625,0.47200000286102295,47.20000076293945,200.00001525878906,14.223808765411377,0.0
sigmaV2_10_sigmaW2_1,DPFOT-HMC,55,0.06,100,epsilon,sinkhorn_iters,32.25292205810547,68.89848327636719,0.503000020980835,50.30000305175781,200.00001525878906,13.4935781955719,0.0
sigmaV2_10_sigmaW2_1,DPFOT-HMC,11,0.12,20,epsilon,sinkhorn_iters,28.983789443969727,61.91497802734375,0.48100000619888306,48.10000228881836,200.00001525878906,3.9542062282562256,0.0
sigmaV2_10_sigmaW2_1,DPFOT-HMC,22,0.12,20,epsilon,sinkhorn_iters,29.121498107910156,62.20915603637695,0.49799999594688416,49.79999923706055,200.00001525878906,3.9530527591705322,0.0
sigmaV2_10_sigmaW2_1,DPFOT-HMC,33,0.12,20,epsilon,sinkhorn_iters,29.783645629882812,63.623626708984375,0.531000018119812,53.10000228881836,200.00001525878906,3.909982919692993,0.0
sigmaV2_10_sigmaW2_1,DPFOT-HMC,44,0.12,20,epsilon,sinkhorn_iters,28.587032318115234,61.06742858886719,0.4970000088214874,49.70000076293945,200.00001525878906,3.813227653503418,0.0
sigmaV2_10_sigmaW2_1,DPFOT-HMC,55,0.12,20,epsilon,sinkhorn_iters,29.111658096313477,62.188133239746094,0.5040000081062317,50.400001525878906,200.00001525878906,4.123645305633545,0.0
sigmaV2_10_sigmaW2_1,DPFOT-HMC,11,0.12,50,epsilon,sinkhorn_iters,32.76701736450195,69.9966812133789,0.5019999742507935,50.19999694824219,200.00001525878906,7.26852822303772,0.0
sigmaV2_10_sigmaW2_1,DPFOT-HMC,22,0.12,50,epsilon,sinkhorn_iters,30.011192321777344,64.10971069335938,0.5099999904632568,51.0,200.00001525878906,7.317825078964233,0.0
sigmaV2_10_sigmaW2_1,DPFOT-HMC,33,0.12,50,epsilon,sinkhorn_iters,30.78080940246582,65.7537612915039,0.4959999918937683,49.599998474121094,200.00001525878906,7.339983224868774,0.0
sigmaV2_10_sigmaW2_1,DPFOT-HMC,44,0.12,50,epsilon,sinkhorn_iters,32.89273452758789,70.26524353027344,0.49300000071525574,49.29999923706055,200.00001525878906,7.449789047241211,0.0
sigmaV2_10_sigmaW2_1,DPFOT-HMC,55,0.12,50,epsilon,sinkhorn_iters,31.76797866821289,67.862548828125,0.515999972820282,51.599998474121094,200.00001525878906,7.500528573989868,0.0
sigmaV2_10_sigmaW2_1,DPFOT-HMC,11,0.12,100,epsilon,sinkhorn_iters,34.299156188964844,73.2696304321289,0.37400001287460327,37.400001525878906,200.00001525878906,13.875394821166992,0.0
sigmaV2_10_sigmaW2_1,DPFOT-HMC,22,0.12,100,epsilon,sinkhorn_iters,32.77720642089844,70.0184555053711,0.3840000033378601,38.400001525878906,200.00001525878906,13.916102886199951,0.0
sigmaV2_10_sigmaW2_1,DPFOT-HMC,33,0.12,100,epsilon,sinkhorn_iters,33.24483871459961,71.01740264892578,0.367000013589859,36.70000076293945,200.00001525878906,13.52955150604248,0.0
sigmaV2_10_sigmaW2_1,DPFOT-HMC,44,0.12,100,epsilon,sinkhorn_iters,32.73912811279297,69.9371109008789,0.40299999713897705,40.29999923706055,200.00001525878906,13.707674980163574,0.0
sigmaV2_10_sigmaW2_1,DPFOT-HMC,55,0.12,100,epsilon,sinkhorn_iters,34.00985336303711,72.65162658691406,0.3790000081062317,37.900001525878906,200.00001525878906,13.933980703353882,0.0
sigmaV2_10_sigmaW2_1,DPFOT-HMC,11,0.24,20,epsilon,sinkhorn_iters,30.949100494384766,66.11326599121094,0.5199999809265137,52.0,200.00001525878906,4.502461910247803,0.0
sigmaV2_10_sigmaW2_1,DPFOT-HMC,22,0.24,20,epsilon,sinkhorn_iters,29.895631790161133,63.86285400390625,0.5410000085830688,54.10000228881836,200.00001525878906,4.028832912445068,0.0
sigmaV2_10_sigmaW2_1,DPFOT-HMC,33,0.24,20,epsilon,sinkhorn_iters,31.330310821533203,66.92760467529297,0.5090000033378601,50.900001525878906,200.00001525878906,4.403106927871704,0.0
sigmaV2_10_sigmaW2_1,DPFOT-HMC,44,0.24,20,epsilon,sinkhorn_iters,31.01028060913086,66.24395751953125,0.5249999761581421,52.499996185302734,200.00001525878906,4.13721489906311,0.0
sigmaV2_10_sigmaW2_1,DPFOT-HMC,55,0.24,20,epsilon,sinkhorn_iters,29.71235466003418,63.47133255004883,0.5419999957084656,54.20000076293945,200.00001525878906,3.9140963554382324,0.0
sigmaV2_10_sigmaW2_1,DPFOT-HMC,11,0.24,50,epsilon,sinkhorn_iters,32.817138671875,70.10375213623047,0.3779999911785126,37.79999923706055,200.00001525878906,7.739200592041016,0.0
sigmaV2_10_sigmaW2_1,DPFOT-HMC,22,0.24,50,epsilon,sinkhorn_iters,32.80705642700195,70.08221435546875,0.3720000088214874,37.20000076293945,200.00001525878906,7.715341806411743,0.0
sigmaV2_10_sigmaW2_1,DPFOT-HMC,33,0.24,50,epsilon,sinkhorn_iters,32.761680603027344,69.98528289794922,0.3610000014305115,36.099998474121094,200.00001525878906,7.731112718582153,0.0
sigmaV2_10_sigmaW2_1,DPFOT-HMC,44,0.24,50,epsilon,sinkhorn_iters,33.58325958251953,71.7403335571289,0.3709999918937683,37.099998474121094,200.00001525878906,7.8283162117004395,0.0
sigmaV2_10_sigmaW2_1,DPFOT-HMC,55,0.24,50,epsilon,sinkhorn_iters,34.33271789550781,73.34132385253906,0.3889999985694885,38.900001525878906,200.00001525878906,7.629133701324463,0.0
sigmaV2_10_sigmaW2_1,DPFOT-HMC,11,0.24,100,epsilon,sinkhorn_iters,37.33199691772461,79.74836730957031,0.20100000500679016,20.100000381469727,200.00001525878906,14.544243812561035,0.0
sigmaV2_10_sigmaW2_1,DPFOT-HMC,22,0.24,100,epsilon,sinkhorn_iters,36.707618713378906,78.4145736694336,0.23600000143051147,23.600000381469727,200.00001525878906,13.92324423789978,0.0
sigmaV2_10_sigmaW2_1,DPFOT-HMC,33,0.24,100,epsilon,sinkhorn_iters,39.116233825683594,83.5598373413086,0.17100000381469727,17.100000381469727,200.00001525878906,13.84651780128479,0.0
sigmaV2_10_sigmaW2_1,DPFOT-HMC,44,0.24,100,epsilon,sinkhorn_iters,37.7254524230957,80.58885955810547,0.20900000631809235,20.900001525878906,200.00001525878906,13.522719144821167,0.0
sigmaV2_10_sigmaW2_1,DPFOT-HMC,55,0.24,100,epsilon,sinkhorn_iters,36.9434928894043,78.91844940185547,0.21199999749660492,21.19999885559082,200.00001525878906,14.683430433273315,0.0
sigmaV2_10_sigmaW2_1,DPF-GradNet,11,0.2,1,transport_strength,transport_passes,25.521778106689453,54.51945114135742,0.8519999980926514,85.19999694824219,200.00001525878906,0.5371825695037842,0.0
sigmaV2_10_sigmaW2_1,DPF-GradNet,22,0.2,1,transport_strength,transport_passes,25.340145111083984,54.13145065307617,0.8669999837875366,86.69999694824219,200.00001525878906,0.47407031059265137,0.0
sigmaV2_10_sigmaW2_1,DPF-GradNet,33,0.2,1,transport_strength,transport_passes,25.412166595458984,54.285301208496094,0.8330000042915344,83.30000305175781,200.00001525878906,0.40000033378601074,0.0
sigmaV2_10_sigmaW2_1,DPF-GradNet,44,0.2,1,transport_strength,transport_passes,25.535982131958008,54.54979705810547,0.8519999980926514,85.19999694824219,200.00001525878906,0.5220422744750977,0.0
sigmaV2_10_sigmaW2_1,DPF-GradNet,55,0.2,1,transport_strength,transport_passes,25.171241760253906,53.7706413269043,0.8539999723434448,85.39999389648438,200.00001525878906,0.3926060199737549,0.0
sigmaV2_10_sigmaW2_1,DPF-GradNet,11,0.2,2,transport_strength,transport_passes,24.554832458496094,52.4538688659668,0.7279999852180481,72.79999542236328,200.00001525878906,0.5942192077636719,0.0
sigmaV2_10_sigmaW2_1,DPF-GradNet,22,0.2,2,transport_strength,transport_passes,25.894330978393555,55.31529998779297,0.7080000042915344,70.80000305175781,200.00001525878906,0.7035949230194092,0.0
sigmaV2_10_sigmaW2_1,DPF-GradNet,33,0.2,2,transport_strength,transport_passes,25.222257614135742,53.87962341308594,0.7059999704360962,70.5999984741211,200.00001525878906,0.5619652271270752,0.0
sigmaV2_10_sigmaW2_1,DPF-GradNet,44,0.2,2,transport_strength,transport_passes,23.348838806152344,49.87763214111328,0.7419999837875366,74.19999694824219,200.00001525878906,0.5588624477386475,0.0
sigmaV2_10_sigmaW2_1,DPF-GradNet,55,0.2,2,transport_strength,transport_passes,24.820207595825195,53.0207633972168,0.722000002861023,72.19999694824219,200.00001525878906,0.5469396114349365,0.0
sigmaV2_10_sigmaW2_1,DPF-GradNet,11,0.2,4,transport_strength,transport_passes,30.4332332611084,65.01126861572266,0.43299999833106995,43.29999923706055,200.00001525878906,0.9130234718322754,0.0
sigmaV2_10_sigmaW2_1,DPF-GradNet,22,0.2,4,transport_strength,transport_passes,31.428241729736328,67.13680267333984,0.4359999895095825,43.599998474121094,200.00001525878906,1.1881680488586426,0.0
sigmaV2_10_sigmaW2_1,DPF-GradNet,33,0.2,4,transport_strength,transport_passes,32.26655578613281,68.92760467529297,0.4300000071525574,43.0,200.00001525878906,1.1084353923797607,0.0
sigmaV2_10_sigmaW2_1,DPF-GradNet,44,0.2,4,transport_strength,transport_passes,32.07571792602539,68.51993560791016,0.42800000309944153,42.79999923706055,200.00001525878906,1.105919361114502,0.0
sigmaV2_10_sigmaW2_1,DPF-GradNet,55,0.2,4,transport_strength,transport_passes,33.12592697143555,70.76338958740234,0.36500000953674316,36.5,200.00001525878906,1.0212688446044922,0.0
sigmaV2_10_sigmaW2_1,DPF-GradNet,11,0.35,1,transport_strength,transport_passes,24.687822341918945,52.73796463012695,0.7239999771118164,72.39999389648438,200.00001525878906,0.4313991069793701,0.0
sigmaV2_10_sigmaW2_1,DPF-GradNet,22,0.35,1,transport_strength,transport_passes,26.27235984802246,56.12284469604492,0.6990000009536743,69.9000015258789,200.00001525878906,0.4845304489135742,0.0
sigmaV2_10_sigmaW2_1,DPF-GradNet,33,0.35,1,transport_strength,transport_passes,24.014835357666016,51.30033493041992,0.7269999980926514,72.69999694824219,200.00001525878906,0.39287734031677246,0.0
sigmaV2_10_sigmaW2_1,DPF-GradNet,44,0.35,1,transport_strength,transport_passes,24.999780654907227,53.40436553955078,0.7250000238418579,72.5,200.00001525878906,0.3812239170074463,0.0
sigmaV2_10_sigmaW2_1,DPF-GradNet,55,0.35,1,transport_strength,transport_passes,24.953065872192383,53.3045768737793,0.734000027179718,73.4000015258789,200.00001525878906,0.3974761962890625,0.0
sigmaV2_10_sigmaW2_1,DPF-GradNet,11,0.35,2,transport_strength,transport_passes,31.076393127441406,66.38518524169922,0.4339999854564667,43.39999771118164,200.00001525878906,0.5605618953704834,0.0
sigmaV2_10_sigmaW2_1,DPF-GradNet,22,0.35,2,transport_strength,transport_passes,32.97501754760742,70.4410171508789,0.45500001311302185,45.5,200.00001525878906,0.6119680404663086,0.0
sigmaV2_10_sigmaW2_1,DPF-GradNet,33,0.35,2,transport_strength,transport_passes,32.02593231201172,68.41358947753906,0.4560000002384186,45.599998474121094,200.00001525878906,0.6284987926483154,0.0
sigmaV2_10_sigmaW2_1,DPF-GradNet,44,0.35,2,transport_strength,transport_passes,30.27728271484375,64.67813110351562,0.46399998664855957,46.39999771118164,200.00001525878906,0.5967984199523926,0.0
sigmaV2_10_sigmaW2_1,DPF-GradNet,55,0.35,2,transport_strength,transport_passes,32.35787582397461,69.1226806640625,0.43299999833106995,43.29999923706055,200.00001525878906,0.7412927150726318,0.0
sigmaV2_10_sigmaW2_1,DPF-GradNet,11,0.35,4,transport_strength,transport_passes,40.03934860229492,85.53179168701172,0.15399999916553497,15.399999618530273,200.00001525878906,1.0059468746185303,0.0
sigmaV2_10_sigmaW2_1,DPF-GradNet,22,0.35,4,transport_strength,transport_passes,38.053714752197266,81.29010009765625,0.1550000011920929,15.5,200.00001525878906,0.9752533435821533,0.0
sigmaV2_10_sigmaW2_1,DPF-GradNet,33,0.35,4,transport_strength,transport_passes,36.1750602722168,77.27692413330078,0.17000000178813934,17.0,200.00001525878906,0.946303129196167,0.0
sigmaV2_10_sigmaW2_1,DPF-GradNet,44,0.35,4,transport_strength,transport_passes,36.80018997192383,78.6123275756836,0.17299999296665192,17.299999237060547,200.00001525878906,1.1860010623931885,0.0
sigmaV2_10_sigmaW2_1,DPF-GradNet,55,0.35,4,transport_strength,transport_passes,37.83673095703125,80.82657623291016,0.1509999930858612,15.09999942779541,200.00001525878906,1.320554494857788,0.0
sigmaV2_10_sigmaW2_1,DPF-GradNet,11,0.5,1,transport_strength,transport_passes,27.920242309570312,59.643035888671875,0.5540000200271606,55.400001525878906,200.00001525878906,0.40751123428344727,0.0
sigmaV2_10_sigmaW2_1,DPF-GradNet,22,0.5,1,transport_strength,transport_passes,29.43328094482422,62.87518310546875,0.5580000281333923,55.80000305175781,200.00001525878906,0.3589465618133545,0.0
sigmaV2_10_sigmaW2_1,DPF-GradNet,33,0.5,1,transport_strength,transport_passes,27.352083206176758,58.42934036254883,0.5709999799728394,57.099998474121094,200.00001525878906,0.37743616104125977,0.0
sigmaV2_10_sigmaW2_1,DPF-GradNet,44,0.5,1,transport_strength,transport_passes,28.52231216430664,60.929176330566406,0.5320000052452087,53.20000076293945,200.00001525878906,0.3777801990509033,0.0
sigmaV2_10_sigmaW2_1,DPF-GradNet,55,0.5,1,transport_strength,transport_passes,29.756305694580078,63.565223693847656,0.5109999775886536,51.099998474121094,200.00001525878906,0.4342501163482666,0.0
sigmaV2_10_sigmaW2_1,DPF-GradNet,11,0.5,2,transport_strength,transport_passes,36.20037841796875,77.33100891113281,0.2460000067949295,24.600000381469727,200.00001525878906,0.8022322654724121,0.0
sigmaV2_10_sigmaW2_1,DPF-GradNet,22,0.5,2,transport_strength,transport_passes,34.678627014160156,74.08025360107422,0.26100000739097595,26.100000381469727,200.00001525878906,0.6592869758605957,0.0
sigmaV2_10_sigmaW2_1,DPF-GradNet,33,0.5,2,transport_strength,transport_passes,35.85288619995117,76.58869934082031,0.2540000081062317,25.400001525878906,200.00001525878906,0.6662583351135254,0.0
sigmaV2_10_sigmaW2_1,DPF-GradNet,44,0.5,2,transport_strength,transport_passes,36.73748016357422,78.47836303710938,0.22499999403953552,22.5,200.00001525878906,0.6953403949737549,0.0
sigmaV2_10_sigmaW2_1,DPF-GradNet,55,0.5,2,transport_strength,transport_passes,36.979793548583984,78.99598693847656,0.21899999678134918,21.899999618530273,200.00001525878906,0.5730199813842773,0.0
sigmaV2_10_sigmaW2_1,DPF-GradNet,11,0.5,4,transport_strength,transport_passes,37.34202575683594,79.76979064941406,0.05400000140070915,5.400000095367432,200.00001525878906,1.1813545227050781,0.0
sigmaV2_10_sigmaW2_1,DPF-GradNet,22,0.5,4,transport_strength,transport_passes,37.70148468017578,80.53766632080078,0.03799999877810478,3.799999952316284,200.00001525878906,1.1615324020385742,0.0
sigmaV2_10_sigmaW2_1,DPF-GradNet,33,0.5,4,transport_strength,transport_passes,38.64976119995117,82.56336212158203,0.04600000008940697,4.599999904632568,200.00001525878906,0.9891767501831055,0.0
sigmaV2_10_sigmaW2_1,DPF-GradNet,44,0.5,4,transport_strength,transport_passes,36.74895095825195,78.50286865234375,0.04899999871850014,4.900000095367432,200.00001525878906,1.1028103828430176,0.0
sigmaV2_10_sigmaW2_1,DPF-GradNet,55,0.5,4,transport_strength,transport_passes,39.93367385864258,85.3060531616211,0.04399999976158142,4.400000095367432,200.00001525878906,1.1646616458892822,0.0
sigmaV2_10_sigmaW2_1,DPFNet-HMC,11,0.2,1,transport_strength,hmc_steps,25.130786895751953,53.68421936035156,0.8500000238418579,85.0,200.00001525878906,1.3815338611602783,0.0
sigmaV2_10_sigmaW2_1,DPFNet-HMC,22,0.2,1,transport_strength,hmc_steps,25.507421493530273,54.48878479003906,0.8370000123977661,83.70000457763672,200.00001525878906,1.2274866104125977,0.0
sigmaV2_10_sigmaW2_1,DPFNet-HMC,33,0.2,1,transport_strength,hmc_steps,25.6007080078125,54.68806457519531,0.843999981880188,84.4000015258789,200.00001525878906,1.5424983501434326,0.0
sigmaV2_10_sigmaW2_1,DPFNet-HMC,44,0.2,1,transport_strength,hmc_steps,25.411314010620117,54.28348159790039,0.8479999899864197,84.79999542236328,200.00001525878906,1.262671947479248,0.0
sigmaV2_10_sigmaW2_1,DPFNet-HMC,55,0.2,1,transport_strength,hmc_steps,25.573301315307617,54.6295166015625,0.8429999947547913,84.30000305175781,200.00001525878906,1.139389991760254,0.0
sigmaV2_10_sigmaW2_1,DPFNet-HMC,11,0.2,2,transport_strength,hmc_steps,25.28657341003418,54.01700973510742,0.8510000109672546,85.0999984741211,200.00001525878906,2.124016523361206,0.0
sigmaV2_10_sigmaW2_1,DPFNet-HMC,22,0.2,2,transport_strength,hmc_steps,25.039688110351562,53.48961639404297,0.8539999723434448,85.39999389648438,200.00001525878906,2.0296545028686523,0.0
sigmaV2_10_sigmaW2_1,DPFNet-HMC,33,0.2,2,transport_strength,hmc_steps,25.090486526489258,53.59812927246094,0.847000002861023,84.69999694824219,200.00001525878906,2.492954730987549,0.0
sigmaV2_10_sigmaW2_1,DPFNet-HMC,44,0.2,2,transport_strength,hmc_steps,24.95285987854004,53.304134368896484,0.8529999852180481,85.29999542236328,200.00001525878906,2.7370638847351074,0.0
sigmaV2_10_sigmaW2_1,DPFNet-HMC,55,0.2,2,transport_strength,hmc_steps,25.06507682800293,53.54384994506836,0.8550000190734863,85.5,200.00001525878906,1.9730618000030518,0.0
sigmaV2_10_sigmaW2_1,DPFNet-HMC,11,0.2,4,transport_strength,hmc_steps,24.824321746826172,53.0295524597168,0.859000027179718,85.9000015258789,200.00001525878906,3.567668914794922,0.0
sigmaV2_10_sigmaW2_1,DPFNet-HMC,22,0.2,4,transport_strength,hmc_steps,25.049209594726562,53.50995635986328,0.8629999756813049,86.29999542236328,200.00001525878906,3.650592088699341,0.0
sigmaV2_10_sigmaW2_1,DPFNet-HMC,33,0.2,4,transport_strength,hmc_steps,25.117908477783203,53.656707763671875,0.8569999933242798,85.69999694824219,200.00001525878906,3.513104200363159,0.0
sigmaV2_10_sigmaW2_1,DPFNet-HMC,44,0.2,4,transport_strength,hmc_steps,24.946247100830078,53.290008544921875,0.8560000061988831,85.5999984741211,200.00001525878906,3.567004680633545,0.0
sigmaV2_10_sigmaW2_1,DPFNet-HMC,55,0.2,4,transport_strength,hmc_steps,24.63730812072754,52.63005447387695,0.8619999885559082,86.19999694824219,200.00001525878906,3.5635592937469482,0.0
sigmaV2_10_sigmaW2_1,DPFNet-HMC,11,0.35,1,transport_strength,hmc_steps,23.969682693481445,51.20387649536133,0.7360000014305115,73.5999984741211,200.00001525878906,1.1348388195037842,0.0
sigmaV2_10_sigmaW2_1,DPFNet-HMC,22,0.35,1,transport_strength,hmc_steps,24.21562957763672,51.729270935058594,0.75,75.0,200.00001525878906,1.264244556427002,0.0
sigmaV2_10_sigmaW2_1,DPFNet-HMC,33,0.35,1,transport_strength,hmc_steps,25.06722068786621,53.54843521118164,0.7039999961853027,70.4000015258789,200.00001525878906,1.1150953769683838,0.0
sigmaV2_10_sigmaW2_1,DPFNet-HMC,44,0.35,1,transport_strength,hmc_steps,24.88783073425293,53.165218353271484,0.7170000076293945,71.69999694824219,200.00001525878906,1.136160135269165,0.0
sigmaV2_10_sigmaW2_1,DPFNet-HMC,55,0.35,1,transport_strength,hmc_steps,25.100433349609375,53.619384765625,0.7329999804496765,73.29999542236328,200.00001525878906,1.221513032913208,0.0
sigmaV2_10_sigmaW2_1,DPFNet-HMC,11,0.35,2,transport_strength,hmc_steps,26.372329711914062,56.336395263671875,0.7070000171661377,70.70000457763672,200.00001525878906,1.9926648139953613,0.0
sigmaV2_10_sigmaW2_1,DPFNet-HMC,22,0.35,2,transport_strength,hmc_steps,25.649499893188477,54.792293548583984,0.7170000076293945,71.69999694824219,200.00001525878906,2.105567455291748,0.0
sigmaV2_10_sigmaW2_1,DPFNet-HMC,33,0.35,2,transport_strength,hmc_steps,26.569347381591797,56.757266998291016,0.7170000076293945,71.69999694824219,200.00001525878906,1.8685173988342285,0.0
sigmaV2_10_sigmaW2_1,DPFNet-HMC,44,0.35,2,transport_strength,hmc_steps,24.49235725402832,52.32041549682617,0.7319999933242798,73.19999694824219,200.00001525878906,1.8843722343444824,0.0
sigmaV2_10_sigmaW2_1,DPFNet-HMC,55,0.35,2,transport_strength,hmc_steps,25.503646850585938,54.4807243347168,0.7289999723434448,72.89999389648438,200.00001525878906,2.0487561225891113,0.0
sigmaV2_10_sigmaW2_1,DPFNet-HMC,11,0.35,4,transport_strength,hmc_steps,26.53692054748535,56.68799591064453,0.6859999895095825,68.5999984741211,200.00001525878906,3.494607925415039,0.0
sigmaV2_10_sigmaW2_1,DPFNet-HMC,22,0.35,4,transport_strength,hmc_steps,25.044902801513672,53.500755310058594,0.7310000061988831,73.0999984741211,200.00001525878906,3.5065455436706543,0.0
sigmaV2_10_sigmaW2_1,DPFNet-HMC,33,0.35,4,transport_strength,hmc_steps,25.471027374267578,54.411041259765625,0.7120000123977661,71.20000457763672,200.00001525878906,3.4635913372039795,0.0
sigmaV2_10_sigmaW2_1,DPFNet-HMC,44,0.35,4,transport_strength,hmc_steps,23.902633666992188,51.06064987182617,0.7440000176429749,74.4000015258789,200.00001525878906,3.54978084564209,0.0
sigmaV2_10_sigmaW2_1,DPFNet-HMC,55,0.35,4,transport_strength,hmc_steps,23.932920455932617,51.12534713745117,0.75,75.0,200.00001525878906,3.44942307472229,0.0
sigmaV2_10_sigmaW2_1,DPFNet-HMC,11,0.5,1,transport_strength,hmc_steps,28.654813766479492,61.21222686767578,0.5410000085830688,54.10000228881836,200.00001525878906,1.1408371925354004,0.0
sigmaV2_10_sigmaW2_1,DPFNet-HMC,22,0.5,1,transport_strength,hmc_steps,32.076942443847656,68.52255249023438,0.46799999475479126,46.79999923706055,200.00001525878906,1.2179629802703857,0.0
sigmaV2_10_sigmaW2_1,DPFNet-HMC,33,0.5,1,transport_strength,hmc_steps,28.2238826751709,60.29167175292969,0.546999990940094,54.70000076293945,200.00001525878906,1.1658298969268799,0.0
sigmaV2_10_sigmaW2_1,DPFNet-HMC,44,0.5,1,transport_strength,hmc_steps,30.477771759033203,65.10641479492188,0.5230000019073486,52.29999923706055,200.00001525878906,1.1969151496887207,0.0
sigmaV2_10_sigmaW2_1,DPFNet-HMC,55,0.5,1,transport_strength,hmc_steps,29.834259033203125,63.731746673583984,0.5149999856948853,51.5,200.00001525878906,1.2970101833343506,0.0
sigmaV2_10_sigmaW2_1,DPFNet-HMC,11,0.5,2,transport_strength,hmc_steps,28.686298370361328,61.279483795166016,0.5509999990463257,55.099998474121094,200.00001525878906,1.9453907012939453,0.0
sigmaV2_10_sigmaW2_1,DPFNet-HMC,22,0.5,2,transport_strength,hmc_steps,29.03282928466797,62.01974105834961,0.5189999938011169,51.89999771118164,200.00001525878906,2.0450406074523926,0.0
sigmaV2_10_sigmaW2_1,DPFNet-HMC,33,0.5,2,transport_strength,hmc_steps,28.24529457092285,60.3374137878418,0.5350000262260437,53.500003814697266,200.00001525878906,1.91143798828125,0.0
sigmaV2_10_sigmaW2_1,DPFNet-HMC,44,0.5,2,transport_strength,hmc_steps,28.68135643005371,61.26892852783203,0.5370000004768372,53.70000076293945,200.00001525878906,1.9046785831451416,0.0
sigmaV2_10_sigmaW2_1,DPFNet-HMC,55,0.5,2,transport_strength,hmc_steps,31.499412536621094,67.28883361816406,0.4959999918937683,49.599998474121094,200.00001525878906,1.9972174167633057,0.0
sigmaV2_10_sigmaW2_1,DPFNet-HMC,11,0.5,4,transport_strength,hmc_steps,29.501041412353516,63.01993179321289,0.5350000262260437,53.500003814697266,200.00001525878906,3.60862135887146,0.0
sigmaV2_10_sigmaW2_1,DPFNet-HMC,22,0.5,4,transport_strength,hmc_steps,30.15623664855957,64.4195556640625,0.5120000243186951,51.20000076293945,200.00001525878906,3.6543819904327393,0.0
sigmaV2_10_sigmaW2_1,DPFNet-HMC,33,0.5,4,transport_strength,hmc_steps,30.363298416137695,64.86187744140625,0.5059999823570251,50.599998474121094,200.00001525878906,3.698469877243042,0.0
sigmaV2_10_sigmaW2_1,DPFNet-HMC,44,0.5,4,transport_strength,hmc_steps,29.865209579467773,63.7978630065918,0.5149999856948853,51.5,200.00001525878906,3.4498114585876465,0.0
sigmaV2_10_sigmaW2_1,DPFNet-HMC,55,0.5,4,transport_strength,hmc_steps,26.662588119506836,56.956443786621094,0.5709999799728394,57.099998474121094,200.00001525878906,3.525813102722168,0.0
