scenario,baseline,seed,transport_strength,rmse,mean_ess,runtime_sec,acceptance_or_resample_mean
sigmaV2_10_sigmaW2_10,DPFNet-HMC,11,0.15,26.036243438720703,200.00001525878906,2.6533327102661133,1.0
sigmaV2_10_sigmaW2_10,DPFNet-HMC,22,0.15,26.402706146240234,200.00001525878906,2.7860424518585205,1.0
sigmaV2_10_sigmaW2_10,DPFNet-HMC,33,0.15,26.35386848449707,200.00001525878906,2.7965173721313477,1.0
sigmaV2_10_sigmaW2_10,DPFNet-HMC,44,0.15,25.820594787597656,200.00001525878906,2.7659504413604736,1.0
sigmaV2_10_sigmaW2_10,DPFNet-HMC,55,0.15,25.995582580566406,200.00001525878906,2.8001883029937744,1.0
sigmaV2_10_sigmaW2_10,DPFNet-HMC,11,0.35,24.976343154907227,200.00001525878906,2.8072891235351562,1.0
sigmaV2_10_sigmaW2_10,DPFNet-HMC,22,0.35,24.52538299560547,200.00001525878906,2.8402833938598633,1.0
sigmaV2_10_sigmaW2_10,DPFNet-HMC,33,0.35,24.261146545410156,200.00001525878906,2.801635980606079,1.0
sigmaV2_10_sigmaW2_10,DPFNet-HMC,44,0.35,23.872852325439453,200.00001525878906,2.768716812133789,1.0
sigmaV2_10_sigmaW2_10,DPFNet-HMC,55,0.35,25.095083236694336,200.00001525878906,2.6686341762542725,1.0
sigmaV2_10_sigmaW2_10,DPFNet-HMC,11,0.55,29.459489822387695,200.00001525878906,2.7517149448394775,1.0
sigmaV2_10_sigmaW2_10,DPFNet-HMC,22,0.55,28.44565773010254,200.00001525878906,2.819176435470581,1.0
sigmaV2_10_sigmaW2_10,DPFNet-HMC,33,0.55,29.196136474609375,200.00001525878906,2.724107265472412,1.0
sigmaV2_10_sigmaW2_10,DPFNet-HMC,44,0.55,28.255149841308594,200.00001525878906,2.7217931747436523,1.0
sigmaV2_10_sigmaW2_10,DPFNet-HMC,55,0.55,29.060142517089844,200.00001525878906,2.7892441749572754,1.0
sigmaV2_10_sigmaW2_10,DPFNet-PMMH,11,0.15,25.979290008544922,200.00001525878906,1.4749798774719238,0.8220166563987732
sigmaV2_10_sigmaW2_10,DPFNet-PMMH,22,0.15,26.014060974121094,200.00001525878906,1.4602632522583008,0.8238332867622375
sigmaV2_10_sigmaW2_10,DPFNet-PMMH,33,0.15,26.476778030395508,200.00001525878906,1.5717861652374268,0.8228999972343445
sigmaV2_10_sigmaW2_10,DPFNet-PMMH,44,0.15,25.796340942382812,200.00001525878906,1.510483980178833,0.8246166110038757
sigmaV2_10_sigmaW2_10,DPFNet-PMMH,55,0.15,25.99734878540039,200.00001525878906,1.5294733047485352,0.8262999653816223
sigmaV2_10_sigmaW2_10,DPFNet-PMMH,11,0.35,25.30032730102539,200.00001525878906,1.5757622718811035,0.8577000498771667
sigmaV2_10_sigmaW2_10,DPFNet-PMMH,22,0.35,24.102476119995117,200.00001525878906,1.497772216796875,0.858033299446106
sigmaV2_10_sigmaW2_10,DPFNet-PMMH,33,0.35,25.578527450561523,200.00001525878906,1.5426535606384277,0.8634166121482849
sigmaV2_10_sigmaW2_10,DPFNet-PMMH,44,0.35,25.098461151123047,200.00001525878906,1.4662978649139404,0.8617666363716125
sigmaV2_10_sigmaW2_10,DPFNet-PMMH,55,0.35,24.696332931518555,200.00001525878906,1.4723942279815674,0.8609666228294373
sigmaV2_10_sigmaW2_10,DPFNet-PMMH,11,0.55,29.279495239257812,200.00001525878906,1.571141242980957,0.8649833798408508
sigmaV2_10_sigmaW2_10,DPFNet-PMMH,22,0.55,27.429128646850586,200.00001525878906,1.4648981094360352,0.8666999936103821
sigmaV2_10_sigmaW2_10,DPFNet-PMMH,33,0.55,29.450088500976562,200.00001525878906,1.4671602249145508,0.8678666949272156
sigmaV2_10_sigmaW2_10,DPFNet-PMMH,44,0.55,26.469871520996094,200.00001525878906,1.5430083274841309,0.8654833436012268
sigmaV2_10_sigmaW2_10,DPFNet-PMMH,55,0.55,29.182785034179688,200.00001525878906,1.4672510623931885,0.870033323764801
sigmaV2_10_sigmaW2_1,DPFNet-HMC,11,0.15,25.99390983581543,200.00001525878906,2.866518497467041,1.0
sigmaV2_10_sigmaW2_1,DPFNet-HMC,22,0.15,25.527772903442383,200.00001525878906,2.73041033744812,1.0
sigmaV2_10_sigmaW2_1,DPFNet-HMC,33,0.15,25.980762481689453,200.00001525878906,2.7316718101501465,1.0
sigmaV2_10_sigmaW2_1,DPFNet-HMC,44,0.15,26.139057159423828,200.00001525878906,2.9042611122131348,1.0
sigmaV2_10_sigmaW2_1,DPFNet-HMC,55,0.15,26.55734634399414,200.00001525878906,2.650616407394409,1.0
sigmaV2_10_sigmaW2_1,DPFNet-HMC,11,0.35,25.516061782836914,200.00001525878906,2.882956027984619,1.0
sigmaV2_10_sigmaW2_1,DPFNet-HMC,22,0.35,24.98142433166504,200.00001525878906,2.790393829345703,1.0
sigmaV2_10_sigmaW2_1,DPFNet-HMC,33,0.35,25.544395446777344,200.00001525878906,2.699287176132202,1.0
sigmaV2_10_sigmaW2_1,DPFNet-HMC,44,0.35,25.915437698364258,200.00001525878906,2.7385921478271484,1.0
sigmaV2_10_sigmaW2_1,DPFNet-HMC,55,0.35,25.136144638061523,200.00001525878906,2.7461490631103516,1.0
sigmaV2_10_sigmaW2_1,DPFNet-HMC,11,0.55,33.641517639160156,200.00001525878906,2.6542065143585205,1.0
sigmaV2_10_sigmaW2_1,DPFNet-HMC,22,0.55,30.12615966796875,200.00001525878906,2.9966814517974854,1.0
sigmaV2_10_sigmaW2_1,DPFNet-HMC,33,0.55,29.657743453979492,200.00001525878906,3.0248591899871826,1.0
sigmaV2_10_sigmaW2_1,DPFNet-HMC,44,0.55,30.36345672607422,200.00001525878906,2.819314479827881,1.0
sigmaV2_10_sigmaW2_1,DPFNet-HMC,55,0.55,31.76402473449707,200.00001525878906,2.739504098892212,1.0
sigmaV2_10_sigmaW2_1,DPFNet-PMMH,11,0.15,25.798076629638672,200.00001525878906,1.5705838203430176,0.6203166842460632
sigmaV2_10_sigmaW2_1,DPFNet-PMMH,22,0.15,26.092575073242188,200.00001525878906,1.498964786529541,0.6194166541099548
sigmaV2_10_sigmaW2_1,DPFNet-PMMH,33,0.15,25.838571548461914,200.00001525878906,1.4848215579986572,0.625166654586792
sigmaV2_10_sigmaW2_1,DPFNet-PMMH,44,0.15,25.97614860534668,200.00001525878906,1.567026138305664,0.6233833432197571
sigmaV2_10_sigmaW2_1,DPFNet-PMMH,55,0.15,25.37614631652832,200.00001525878906,1.4791181087493896,0.6289166212081909
sigmaV2_10_sigmaW2_1,DPFNet-PMMH,11,0.35,25.97681427001953,200.00001525878906,1.4934680461883545,0.6668666005134583
sigmaV2_10_sigmaW2_1,DPFNet-PMMH,22,0.35,25.58673095703125,200.00001525878906,1.5416057109832764,0.6695166230201721
sigmaV2_10_sigmaW2_1,DPFNet-PMMH,33,0.35,24.510576248168945,200.00001525878906,1.624999761581421,0.6721166372299194
sigmaV2_10_sigmaW2_1,DPFNet-PMMH,44,0.35,26.18145751953125,200.00001525878906,1.4876773357391357,0.6672332882881165
sigmaV2_10_sigmaW2_1,DPFNet-PMMH,55,0.35,26.5522518157959,200.00001525878906,1.5855631828308105,0.664316713809967
sigmaV2_10_sigmaW2_1,DPFNet-PMMH,11,0.55,29.1805362701416,200.00001525878906,1.4717297554016113,0.6758000254631042
sigmaV2_10_sigmaW2_1,DPFNet-PMMH,22,0.55,30.937171936035156,200.00001525878906,1.566500186920166,0.6698499917984009
sigmaV2_10_sigmaW2_1,DPFNet-PMMH,33,0.55,30.949752807617188,200.00001525878906,1.5346784591674805,0.6646834015846252
sigmaV2_10_sigmaW2_1,DPFNet-PMMH,44,0.55,29.767927169799805,200.00001525878906,1.6341357231140137,0.677733302116394
sigmaV2_10_sigmaW2_1,DPFNet-PMMH,55,0.55,31.907623291015625,200.00001525878906,1.6546683311462402,0.663800060749054
extreme_sigmaV2_0p2_sigmaW2_60,DPFNet-HMC,11,0.15,16.968095779418945,200.00001525878906,2.711545944213867,1.0
extreme_sigmaV2_0p2_sigmaW2_60,DPFNet-HMC,22,0.15,17.03557014465332,200.00001525878906,2.8609094619750977,1.0
extreme_sigmaV2_0p2_sigmaW2_60,DPFNet-HMC,33,0.15,16.93071174621582,200.00001525878906,2.825556516647339,1.0
extreme_sigmaV2_0p2_sigmaW2_60,DPFNet-HMC,44,0.15,16.878082275390625,200.00001525878906,2.8795955181121826,1.0
extreme_sigmaV2_0p2_sigmaW2_60,DPFNet-HMC,55,0.15,16.529987335205078,200.00001525878906,2.8481645584106445,1.0
extreme_sigmaV2_0p2_sigmaW2_60,DPFNet-HMC,11,0.35,17.503267288208008,200.00001525878906,2.8686282634735107,1.0
extreme_sigmaV2_0p2_sigmaW2_60,DPFNet-HMC,22,0.35,17.443422317504883,200.00001525878906,3.1309797763824463,1.0
extreme_sigmaV2_0p2_sigmaW2_60,DPFNet-HMC,33,0.35,17.333480834960938,200.00001525878906,2.9917774200439453,1.0
extreme_sigmaV2_0p2_sigmaW2_60,DPFNet-HMC,44,0.35,17.152631759643555,200.00001525878906,2.902975559234619,1.0
extreme_sigmaV2_0p2_sigmaW2_60,DPFNet-HMC,55,0.35,17.608173370361328,200.00001525878906,3.183192014694214,1.0
extreme_sigmaV2_0p2_sigmaW2_60,DPFNet-HMC,11,0.55,18.29969024658203,200.00001525878906,2.8070662021636963,1.0
extreme_sigmaV2_0p2_sigmaW2_60,DPFNet-HMC,22,0.55,18.27163314819336,200.00001525878906,2.8670654296875,1.0
extreme_sigmaV2_0p2_sigmaW2_60,DPFNet-HMC,33,0.55,18.329376220703125,200.00001525878906,2.8173999786376953,1.0
extreme_sigmaV2_0p2_sigmaW2_60,DPFNet-HMC,44,0.55,18.28032684326172,200.00001525878906,2.760930299758911,1.0
extreme_sigmaV2_0p2_sigmaW2_60,DPFNet-HMC,55,0.55,18.231212615966797,200.00001525878906,2.7648704051971436,1.0
extreme_sigmaV2_0p2_sigmaW2_60,DPFNet-PMMH,11,0.15,16.927452087402344,200.00001525878906,0.5025124549865723,0.9825000166893005
extreme_sigmaV2_0p2_sigmaW2_60,DPFNet-PMMH,22,0.15,17.081195831298828,200.00001525878906,0.5060033798217773,0.981950044631958
extreme_sigmaV2_0p2_sigmaW2_60,DPFNet-PMMH,33,0.15,16.909404754638672,200.00001525878906,0.5019969940185547,0.982900083065033
extreme_sigmaV2_0p2_sigmaW2_60,DPFNet-PMMH,44,0.15,16.91244125366211,200.00001525878906,0.6186323165893555,0.9822499752044678
extreme_sigmaV2_0p2_sigmaW2_60,DPFNet-PMMH,55,0.15,16.6081600189209,200.00001525878906,0.5070009231567383,0.9838000535964966
extreme_sigmaV2_0p2_sigmaW2_60,DPFNet-PMMH,11,0.35,17.580305099487305,200.00001525878906,0.5035886764526367,0.9836000204086304
extreme_sigmaV2_0p2_sigmaW2_60,DPFNet-PMMH,22,0.35,17.68168067932129,200.00001525878906,0.5148720741271973,0.9831500053405762
extreme_sigmaV2_0p2_sigmaW2_60,DPFNet-PMMH,33,0.35,17.196334838867188,200.00001525878906,0.5029573440551758,0.9830499887466431
extreme_sigmaV2_0p2_sigmaW2_60,DPFNet-PMMH,44,0.35,17.270145416259766,200.00001525878906,0.5045266151428223,0.9833000302314758
extreme_sigmaV2_0p2_sigmaW2_60,DPFNet-PMMH,55,0.35,17.6789493560791,200.00001525878906,0.49486827850341797,0.9843000173568726
extreme_sigmaV2_0p2_sigmaW2_60,DPFNet-PMMH,11,0.55,18.302106857299805,200.00001525878906,0.49623656272888184,0.9826000332832336
extreme_sigmaV2_0p2_sigmaW2_60,DPFNet-PMMH,22,0.55,18.218366622924805,200.00001525878906,0.6197991371154785,0.98294997215271
extreme_sigmaV2_0p2_sigmaW2_60,DPFNet-PMMH,33,0.55,17.95037078857422,200.00001525878906,0.4967215061187744,0.98294997215271
extreme_sigmaV2_0p2_sigmaW2_60,DPFNet-PMMH,44,0.55,18.253841400146484,200.00001525878906,0.5030183792114258,0.9836000204086304
extreme_sigmaV2_0p2_sigmaW2_60,DPFNet-PMMH,55,0.55,18.16569709777832,200.00001525878906,0.5137863159179688,0.9836999773979187
extreme_sigmaV2_60_sigmaW2_0p2,DPFNet-HMC,11,0.15,35.393341064453125,200.00001525878906,2.7689380645751953,1.0
extreme_sigmaV2_60_sigmaW2_0p2,DPFNet-HMC,22,0.15,35.102516174316406,200.00001525878906,2.6803786754608154,1.0
extreme_sigmaV2_60_sigmaW2_0p2,DPFNet-HMC,33,0.15,35.95255661010742,200.00001525878906,2.806332588195801,1.0
extreme_sigmaV2_60_sigmaW2_0p2,DPFNet-HMC,44,0.15,35.16132354736328,200.00001525878906,2.82478404045105,1.0
extreme_sigmaV2_60_sigmaW2_0p2,DPFNet-HMC,55,0.15,35.78915023803711,200.00001525878906,2.705953359603882,1.0
extreme_sigmaV2_60_sigmaW2_0p2,DPFNet-HMC,11,0.35,35.63450241088867,200.00001525878906,2.768526554107666,1.0
extreme_sigmaV2_60_sigmaW2_0p2,DPFNet-HMC,22,0.35,35.02936553955078,200.00001525878906,2.899306297302246,1.0
extreme_sigmaV2_60_sigmaW2_0p2,DPFNet-HMC,33,0.35,35.52155303955078,200.00001525878906,2.642334222793579,1.0
extreme_sigmaV2_60_sigmaW2_0p2,DPFNet-HMC,44,0.35,37.387142181396484,200.00001525878906,2.9230549335479736,1.0
extreme_sigmaV2_60_sigmaW2_0p2,DPFNet-HMC,55,0.35,35.96870803833008,200.00001525878906,2.9053573608398438,1.0
extreme_sigmaV2_60_sigmaW2_0p2,DPFNet-HMC,11,0.55,41.184261322021484,200.00001525878906,2.688520669937134,1.0
extreme_sigmaV2_60_sigmaW2_0p2,DPFNet-HMC,22,0.55,40.4245491027832,200.00001525878906,2.875131607055664,1.0
extreme_sigmaV2_60_sigmaW2_0p2,DPFNet-HMC,33,0.55,38.68782424926758,200.00001525878906,3.040961503982544,1.0
extreme_sigmaV2_60_sigmaW2_0p2,DPFNet-HMC,44,0.55,40.02692413330078,200.00001525878906,2.987290143966675,1.0
extreme_sigmaV2_60_sigmaW2_0p2,DPFNet-HMC,55,0.55,41.085514068603516,200.00001525878906,2.9672935009002686,1.0
extreme_sigmaV2_60_sigmaW2_0p2,DPFNet-PMMH,11,0.15,35.7816162109375,200.00001525878906,0.5097713470458984,0.5055500268936157
extreme_sigmaV2_60_sigmaW2_0p2,DPFNet-PMMH,22,0.15,35.105628967285156,200.00001525878906,0.5701732635498047,0.5053999423980713
extreme_sigmaV2_60_sigmaW2_0p2,DPFNet-PMMH,33,0.15,36.09843063354492,200.00001525878906,0.638077974319458,0.5073999762535095
extreme_sigmaV2_60_sigmaW2_0p2,DPFNet-PMMH,44,0.15,35.665897369384766,200.00001525878906,0.6528594493865967,0.5095999836921692
extreme_sigmaV2_60_sigmaW2_0p2,DPFNet-PMMH,55,0.15,35.653873443603516,200.00001525878906,0.6129286289215088,0.510699987411499
extreme_sigmaV2_60_sigmaW2_0p2,DPFNet-PMMH,11,0.35,36.575035095214844,200.00001525878906,0.5494825839996338,0.515250027179718
extreme_sigmaV2_60_sigmaW2_0p2,DPFNet-PMMH,22,0.35,35.88288497924805,200.00001525878906,0.5808284282684326,0.5132499933242798
extreme_sigmaV2_60_sigmaW2_0p2,DPFNet-PMMH,33,0.35,35.957733154296875,200.00001525878906,0.5958542823791504,0.508150041103363
extreme_sigmaV2_60_sigmaW2_0p2,DPFNet-PMMH,44,0.35,35.95628356933594,200.00001525878906,0.5168139934539795,0.5123000144958496
extreme_sigmaV2_60_sigmaW2_0p2,DPFNet-PMMH,55,0.35,37.98115539550781,200.00001525878906,0.6181671619415283,0.5178499817848206
extreme_sigmaV2_60_sigmaW2_0p2,DPFNet-PMMH,11,0.55,40.056453704833984,200.00001525878906,0.6352839469909668,0.5117999911308289
extreme_sigmaV2_60_sigmaW2_0p2,DPFNet-PMMH,22,0.55,40.55023193359375,200.00001525878906,0.7014307975769043,0.5188500285148621
extreme_sigmaV2_60_sigmaW2_0p2,DPFNet-PMMH,33,0.55,39.908843994140625,200.00001525878906,0.6939990520477295,0.5192000269889832
extreme_sigmaV2_60_sigmaW2_0p2,DPFNet-PMMH,44,0.55,39.35928726196289,200.00001525878906,0.7152364253997803,0.5153999924659729
extreme_sigmaV2_60_sigmaW2_0p2,DPFNet-PMMH,55,0.55,43.12666702270508,200.00001525878906,0.5354907512664795,0.5159000158309937
extreme_sigmaV2_80_sigmaW2_80,DPFNet-HMC,11,0.15,39.14655303955078,200.00001525878906,3.169968843460083,1.0
extreme_sigmaV2_80_sigmaW2_80,DPFNet-HMC,22,0.15,39.26616287231445,200.00001525878906,3.2525675296783447,1.0
extreme_sigmaV2_80_sigmaW2_80,DPFNet-HMC,33,0.15,39.00972366333008,200.00001525878906,3.30619215965271,1.0
extreme_sigmaV2_80_sigmaW2_80,DPFNet-HMC,44,0.15,39.323265075683594,200.00001525878906,3.049111843109131,1.0
extreme_sigmaV2_80_sigmaW2_80,DPFNet-HMC,55,0.15,39.008338928222656,200.00001525878906,3.112593412399292,1.0
extreme_sigmaV2_80_sigmaW2_80,DPFNet-HMC,11,0.35,38.85943603515625,200.00001525878906,3.5154290199279785,1.0
extreme_sigmaV2_80_sigmaW2_80,DPFNet-HMC,22,0.35,38.9283561706543,200.00001525878906,3.59932541847229,1.0
extreme_sigmaV2_80_sigmaW2_80,DPFNet-HMC,33,0.35,38.79363250732422,200.00001525878906,2.7860989570617676,1.0
extreme_sigmaV2_80_sigmaW2_80,DPFNet-HMC,44,0.35,39.361412048339844,200.00001525878906,2.879129648208618,1.0
extreme_sigmaV2_80_sigmaW2_80,DPFNet-HMC,55,0.35,39.090187072753906,200.00001525878906,2.9403421878814697,1.0
extreme_sigmaV2_80_sigmaW2_80,DPFNet-HMC,11,0.55,39.54078674316406,200.00001525878906,2.8064582347869873,1.0
extreme_sigmaV2_80_sigmaW2_80,DPFNet-HMC,22,0.55,39.00531768798828,200.00001525878906,2.7898833751678467,1.0
extreme_sigmaV2_80_sigmaW2_80,DPFNet-HMC,33,0.55,39.33734893798828,200.00001525878906,2.8010735511779785,1.0
extreme_sigmaV2_80_sigmaW2_80,DPFNet-HMC,44,0.55,39.66044616699219,200.00001525878906,2.732504367828369,1.0
extreme_sigmaV2_80_sigmaW2_80,DPFNet-HMC,55,0.55,40.380027770996094,200.00001525878906,2.7509663105010986,1.0
extreme_sigmaV2_80_sigmaW2_80,DPFNet-PMMH,11,0.15,39.13222122192383,200.00001525878906,0.5086109638214111,0.9386999607086182
extreme_sigmaV2_80_sigmaW2_80,DPFNet-PMMH,22,0.15,39.22593307495117,200.00001525878906,0.5049488544464111,0.9347000122070312
extreme_sigmaV2_80_sigmaW2_80,DPFNet-PMMH,33,0.15,38.83395004272461,200.00001525878906,0.6525092124938965,0.9352999925613403
extreme_sigmaV2_80_sigmaW2_80,DPFNet-PMMH,44,0.15,39.4486198425293,200.00001525878906,0.5107765197753906,0.9355000257492065
extreme_sigmaV2_80_sigmaW2_80,DPFNet-PMMH,55,0.15,39.05539321899414,200.00001525878906,0.4951450824737549,0.9408000111579895
extreme_sigmaV2_80_sigmaW2_80,DPFNet-PMMH,11,0.35,38.78268814086914,200.00001525878906,0.5254387855529785,0.95455002784729
extreme_sigmaV2_80_sigmaW2_80,DPFNet-PMMH,22,0.35,39.4150505065918,200.00001525878906,0.5279834270477295,0.953200101852417
extreme_sigmaV2_80_sigmaW2_80,DPFNet-PMMH,33,0.35,38.54674530029297,200.00001525878906,0.6707808971405029,0.9541500210762024
extreme_sigmaV2_80_sigmaW2_80,DPFNet-PMMH,44,0.35,39.183631896972656,200.00001525878906,0.5199198722839355,0.9541500210762024
extreme_sigmaV2_80_sigmaW2_80,DPFNet-PMMH,55,0.35,39.092288970947266,200.00001525878906,0.5373842716217041,0.9567499756813049
extreme_sigmaV2_80_sigmaW2_80,DPFNet-PMMH,11,0.55,40.960479736328125,200.00001525878906,0.5812389850616455,0.9589500427246094
extreme_sigmaV2_80_sigmaW2_80,DPFNet-PMMH,22,0.55,39.739280700683594,200.00001525878906,0.5025448799133301,0.9592500329017639
extreme_sigmaV2_80_sigmaW2_80,DPFNet-PMMH,33,0.55,40.494136810302734,200.00001525878906,0.5080001354217529,0.960349977016449
extreme_sigmaV2_80_sigmaW2_80,DPFNet-PMMH,44,0.55,38.46376037597656,200.00001525878906,0.4909796714782715,0.9614500403404236
extreme_sigmaV2_80_sigmaW2_80,DPFNet-PMMH,55,0.55,42.30611801147461,200.00001525878906,0.5086467266082764,0.9618499875068665
