scenario,baseline,seed,differentiability_sensitivity,bias_l2,diff_bias_product,flow_magnitude_std,jacobian_conditioning,acceptance_or_resample_mean
sigmaV2_10_sigmaW2_10,DPFNet-HMC,11,0.33499578212295145,24.976343154907227,8.36696960974937,1.985112211451594,1.0000005161762238,1.0
sigmaV2_10_sigmaW2_10,DPFNet-HMC,22,0.34494321274999756,24.52538299560547,8.45986440442831,1.8990279067318947,1.0000004816055297,1.0
sigmaV2_10_sigmaW2_10,DPFNet-HMC,33,0.3541824663047735,24.261146545410156,8.592872718834904,1.8234034576389826,1.0000004827976228,1.0
sigmaV2_10_sigmaW2_10,DPFNet-HMC,44,0.32629125178925145,23.872852325439453,7.789502869047581,2.0647465861140857,1.0000004625320436,1.0
sigmaV2_10_sigmaW2_10,DPFNet-HMC,55,0.313600150064169,25.095083236694336,7.869821868900156,2.188773984308934,1.0000004935264588,1.0
sigmaV2_10_sigmaW2_10,DPFNet-PMMH,11,0.3194037475371128,25.30032730102539,8.081019353863036,2.1308336477292142,1.0000004947185517,0.8577000498771667
sigmaV2_10_sigmaW2_10,DPFNet-PMMH,22,0.32793945838327454,24.102476119995117,7.904152964487007,2.0493433298022476,1.0000004816055297,0.858033299446106
sigmaV2_10_sigmaW2_10,DPFNet-PMMH,33,0.32609704756231384,25.578527450561523,8.34108228261971,2.0665717689728855,1.000000478029251,0.8634166121482849
sigmaV2_10_sigmaW2_10,DPFNet-PMMH,44,0.36196615745096145,25.098461151123047,9.084793540804244,1.7626892166997083,1.0000004947185517,0.8617666363716125
sigmaV2_10_sigmaW2_10,DPFNet-PMMH,55,0.32365915171152937,24.696332931518555,7.993194167000802,2.089670088770668,1.0000004994869232,0.8609666228294373
sigmaV2_10_sigmaW2_1,DPFNet-HMC,11,0.333166343093597,25.516061782836914,8.50109299433806,2.001503665449989,1.000000492334366,1.0
sigmaV2_10_sigmaW2_1,DPFNet-HMC,22,0.3504255495967616,24.98142433166504,8.754129351133633,1.853673201485196,1.0000004637241364,1.0
sigmaV2_10_sigmaW2_1,DPFNet-HMC,33,0.36543546949162375,25.544395446777344,9.334828142972775,1.7364612455138848,1.0000004911422729,1.0
sigmaV2_10_sigmaW2_1,DPFNet-HMC,44,0.33179404103153254,25.915437698364258,8.598587799041196,2.013917901873842,1.0000004947185517,1.0
sigmaV2_10_sigmaW2_1,DPFNet-HMC,55,0.3576488842222159,25.136144638061523,8.98991408345094,1.796038360848557,1.00000048995018,1.0
sigmaV2_10_sigmaW2_1,DPFNet-PMMH,11,0.35796235167291085,25.97681427001953,9.29872152506662,1.7935898714671337,1.0000005042552949,0.6668666005134583
sigmaV2_10_sigmaW2_1,DPFNet-PMMH,22,0.3510646313044481,25.58673095703125,8.982596269716284,1.8484783450964795,1.0000004863739014,0.6695166230201721
sigmaV2_10_sigmaW2_1,DPFNet-PMMH,33,0.36040948465123346,24.510576248168945,8.833844154107332,1.7746217638187165,1.0000004839897156,0.6721166372299194
sigmaV2_10_sigmaW2_1,DPFNet-PMMH,44,0.3421436650641585,26.18145751953125,8.957819832453994,1.9227488394750223,1.0000005042552949,0.6672332882881165
sigmaV2_10_sigmaW2_1,DPFNet-PMMH,55,0.37698897090472416,26.5522518157959,10.009906087239989,1.652597495359429,1.0000005292892455,0.664316713809967
extreme_sigmaV2_0p2_sigmaW2_60,DPFNet-HMC,11,0.27485508125479385,17.503267288208008,4.810861952724787,2.6382809276608876,1.0000030493736267,1.0
extreme_sigmaV2_0p2_sigmaW2_60,DPFNet-HMC,22,0.2576247942315564,17.443422317504883,4.4938580852413335,2.8816139688060756,1.0000039744377136,1.0
extreme_sigmaV2_0p2_sigmaW2_60,DPFNet-HMC,33,0.26604221716881205,17.333480834960938,4.61143767258612,2.7588019324221347,1.0000031197071075,1.0
extreme_sigmaV2_0p2_sigmaW2_60,DPFNet-HMC,44,0.2760898807224524,17.152631759643555,4.735668056596138,2.622008881250088,1.0000035095214843,1.0
extreme_sigmaV2_0p2_sigmaW2_60,DPFNet-HMC,55,0.2716770987472898,17.608173370361328,4.783737455499053,2.6808402497340635,1.000003832578659,1.0
extreme_sigmaV2_0p2_sigmaW2_60,DPFNet-PMMH,11,0.2736553699927965,17.580305099487305,4.810944896586445,2.654231232613207,1.0000035572052002,0.9836000204086304
extreme_sigmaV2_0p2_sigmaW2_60,DPFNet-PMMH,22,0.2716171972569104,17.68168067932129,4.802648548908913,2.6816520091478053,1.000003869533539,0.9831500053405762
extreme_sigmaV2_0p2_sigmaW2_60,DPFNet-PMMH,33,0.270885156512566,17.196334838867188,4.6582318542690295,2.691601315015617,1.0000038981437682,0.9830499887466431
extreme_sigmaV2_0p2_sigmaW2_60,DPFNet-PMMH,44,0.275014697983338,17.270145416259766,4.749543825781008,2.63616929325205,1.0000034809112548,0.9833000302314758
extreme_sigmaV2_0p2_sigmaW2_60,DPFNet-PMMH,55,0.2747670179118271,17.6789493560791,4.857592194384071,2.6394470035006186,1.0000035095214843,0.9843000173568726
extreme_sigmaV2_60_sigmaW2_0p2,DPFNet-HMC,11,0.3825407849808437,35.63450241088867,13.63165052466312,1.6141003502412858,1.0000004708766936,1.0
extreme_sigmaV2_60_sigmaW2_0p2,DPFNet-HMC,22,0.3672592508033409,35.02936553955078,12.864858544171787,1.7228721885496565,1.0000004637241364,1.0
extreme_sigmaV2_60_sigmaW2_0p2,DPFNet-HMC,33,0.3585122427356806,35.52155303955078,12.734911645663782,1.7893050244793656,1.0000004839897156,1.0
extreme_sigmaV2_60_sigmaW2_0p2,DPFNet-HMC,44,0.37329703396831476,37.387142181396484,13.956509284866977,1.678831892580425,1.000000478029251,1.0
extreme_sigmaV2_60_sigmaW2_0p2,DPFNet-HMC,55,0.3763444410404647,35.96870803833008,13.536623321633003,1.6571403505664632,1.0000004577636719,1.0
extreme_sigmaV2_60_sigmaW2_0p2,DPFNet-PMMH,11,0.378478586450671,36.575035095214844,13.842867582220597,1.6421574054635057,1.000000478029251,0.515250027179718
extreme_sigmaV2_60_sigmaW2_0p2,DPFNet-PMMH,22,0.3845182148189201,35.88288497924805,13.797622874773102,1.60065703381809,1.0000004708766936,0.5132499933242798
extreme_sigmaV2_60_sigmaW2_0p2,DPFNet-PMMH,33,0.3883561657217794,35.957733154296875,13.964407375849639,1.5749558994163257,1.0000004863739014,0.508150041103363
extreme_sigmaV2_60_sigmaW2_0p2,DPFNet-PMMH,44,0.3597370751041108,35.95628356933594,12.934808282846907,1.7798080020264577,1.0000004696846008,0.5123000144958496
extreme_sigmaV2_60_sigmaW2_0p2,DPFNet-PMMH,55,0.3781060531062682,37.98115539550781,14.360904759011303,1.644760621483481,1.0000004720687867,0.5178499817848206
extreme_sigmaV2_80_sigmaW2_80,DPFNet-HMC,11,0.3260143534918659,38.85943603515625,12.668733916059983,2.067349609884431,1.000000478029251,1.0
extreme_sigmaV2_80_sigmaW2_80,DPFNet-HMC,22,0.337783116705011,38.9283561706543,13.149341475526356,1.9604795223477935,1.0000004804134368,1.0
extreme_sigmaV2_80_sigmaW2_80,DPFNet-HMC,33,0.35144574303711273,38.79363250732422,13.63385700164525,1.8453894230108794,1.0000004601478576,1.0
extreme_sigmaV2_80_sigmaW2_80,DPFNet-HMC,44,0.3090721585583085,39.361412048339844,12.165516585683406,2.2354903937791715,1.0000004625320436,1.0
extreme_sigmaV2_80_sigmaW2_80,DPFNet-HMC,55,0.3300507530498143,39.090187072753906,12.901745680220543,2.0298370500886898,1.0000004768371582,1.0
extreme_sigmaV2_80_sigmaW2_80,DPFNet-PMMH,11,0.33653650573003496,38.78268814086914,13.051790349745767,1.9714458401199022,1.0000004529953004,0.95455002784729
extreme_sigmaV2_80_sigmaW2_80,DPFNet-PMMH,22,0.32099235589609376,39.4150505065918,12.651929919874425,2.1153389843454815,1.000000503063202,0.953200101852417
extreme_sigmaV2_80_sigmaW2_80,DPFNet-PMMH,33,0.3281488346457355,38.54674530029297,12.64906954967712,2.047397687941159,1.0000004708766936,0.9541500210762024
extreme_sigmaV2_80_sigmaW2_80,DPFNet-PMMH,44,0.32210137993830623,39.183631896972656,12.621101905009525,2.1046125918229075,1.00000044465065,0.9541500210762024
extreme_sigmaV2_80_sigmaW2_80,DPFNet-PMMH,55,0.3345336399844325,39.092288970947266,13.077685724774273,1.9892360004408975,1.0000004851818085,0.9567499756813049
