scenario,baseline,seed,flow_magnitude_mean,flow_magnitude_std,jacobian_conditioning_mean,jacobian_conditioning_std
sigmaV2_10_sigmaW2_10,DFPHS,11,0.0,0.0,1.0000002539157868,1.648841598081907e-07
sigmaV2_10_sigmaW2_10,DFPHS,22,0.0,0.0,1.0000002527236937,1.696629226175041e-07
sigmaV2_10_sigmaW2_10,DFPHS,33,0.0,0.0,1.0000002562999726,1.6550354214805152e-07
sigmaV2_10_sigmaW2_10,DFPHS,44,0.0,0.0,1.0000002455711365,1.950229000906474e-07
sigmaV2_10_sigmaW2_10,DFPHS,55,0.0,0.0,1.0000002551078797,1.7276712431423485e-07
sigmaV2_10_sigmaW2_10,DPFS,11,0.0,0.0,1.000000227689743,9.550888776280542e-08
sigmaV2_10_sigmaW2_10,DPFS,22,0.0,0.0,1.0000002038478852,8.967676780154833e-08
sigmaV2_10_sigmaW2_10,DPFS,33,0.0,0.0,1.0000002241134645,1.1834787031164986e-07
sigmaV2_10_sigmaW2_10,DPFS,44,0.0,0.0,1.0000002014636993,8.031380301810013e-08
sigmaV2_10_sigmaW2_10,DPFS,55,0.0,0.0,1.0000002121925353,1.0056064943772862e-07
sigmaV2_10_sigmaW2_10,DPFOT,11,62.60111015319824,15.727987788882501,100757022.8732479,230835789.84964558
sigmaV2_10_sigmaW2_10,DPFOT,22,63.12609802246094,15.456763459451812,195881377.48854184,559420744.3203615
sigmaV2_10_sigmaW2_10,DPFOT,33,62.454253311157224,15.66387587341514,128856019.52607715,513812366.7972447
sigmaV2_10_sigmaW2_10,DPFOT,44,61.596437797546386,14.381074785884255,96787761.8452539,273712470.03840166
sigmaV2_10_sigmaW2_10,DPFOT,55,63.699266815185545,14.063491340836674,203256459.78359467,570517115.6825722
sigmaV2_10_sigmaW2_10,DPFOT-HMC,11,60.1942534828186,14.758169213620402,72871430.80060425,410597277.00490624
sigmaV2_10_sigmaW2_10,DPFOT-HMC,22,58.72718801498413,15.057002881547078,83105363.39462647,252513038.66627565
sigmaV2_10_sigmaW2_10,DPFOT-HMC,33,61.08389316558838,14.819927860611921,121358828.01934265,593258080.7031642
sigmaV2_10_sigmaW2_10,DPFOT-HMC,44,59.747747611999515,15.100915855304665,164044206.50562012,763187165.9585464
sigmaV2_10_sigmaW2_10,DPFOT-HMC,55,59.18836940765381,14.562906431912717,174693526.0368866,591350502.8840301
sigmaV2_10_sigmaW2_10,IPFPF,11,0.0,0.0,1.000000147819519,8.106231689453124e-08
sigmaV2_10_sigmaW2_10,IPFPF,22,0.0,0.0,1.0000001573562622,8.23838832052755e-08
sigmaV2_10_sigmaW2_10,IPFPF,33,0.0,0.0,1.0000001633167266,7.474146766384714e-08
sigmaV2_10_sigmaW2_10,IPFPF,44,0.0,0.0,1.0000001561641694,7.852445390403011e-08
sigmaV2_10_sigmaW2_10,IPFPF,55,0.0,0.0,1.0000001692771912,8.289975476605277e-08
sigmaV2_10_sigmaW2_10,SPFSM,11,1.4345260870456695,0.02628471884666752,1.0279885411262513,0.003714573246026814
sigmaV2_10_sigmaW2_10,SPFSM,22,1.4347667050361634,0.025592926934186033,1.0282773387432098,0.0033298122904390957
sigmaV2_10_sigmaW2_10,SPFSM,33,1.4344594705104827,0.0251265431839357,1.02914013504982,0.004265081686079397
sigmaV2_10_sigmaW2_10,SPFSM,44,1.4365926706790924,0.02536669551266744,1.0288269650936126,0.003962958604279551
sigmaV2_10_sigmaW2_10,SPFSM,55,1.4371776568889618,0.025186907014153652,1.029519362449646,0.0038873375158678773
sigmaV2_10_sigmaW2_10,DPF-GradNet,11,10.337834415435792,2.0043626169694484,1.000000503063202,1.3121688752953542e-07
sigmaV2_10_sigmaW2_10,DPF-GradNet,22,10.528214111328126,1.8512328552479282,1.0000004947185517,1.4142764231806602e-07
sigmaV2_10_sigmaW2_10,DPF-GradNet,33,10.365272536277772,2.0993964499966977,1.0000004911422729,1.3930665166846794e-07
sigmaV2_10_sigmaW2_10,DPF-GradNet,44,10.438396759033203,1.9197573689350713,1.000000492334366,1.4170871108739913e-07
sigmaV2_10_sigmaW2_10,DPF-GradNet,55,10.180387978553773,1.9899931414880008,1.0000004935264588,1.359404114737361e-07
sigmaV2_10_sigmaW2_10,DPFNet-HMC,11,10.329953541755676,1.985112211451594,1.0000005161762238,1.328047129699741e-07
sigmaV2_10_sigmaW2_10,DPFNet-HMC,22,10.38239333152771,1.8990279067318947,1.0000004816055297,1.459230780420242e-07
sigmaV2_10_sigmaW2_10,DPFNet-HMC,33,10.328839831352234,1.8234034576389826,1.0000004827976228,1.4041923271882234e-07
sigmaV2_10_sigmaW2_10,DPFNet-HMC,44,10.27576991558075,2.0647465861140857,1.0000004625320436,1.482035662452703e-07
sigmaV2_10_sigmaW2_10,DPFNet-HMC,55,10.575408873558045,2.188773984308934,1.0000004935264588,1.3489098701301225e-07
sigmaV2_10_sigmaW2_1,DFPHS,11,0.0,0.0,1.0000001966953278,8.980345233273127e-08
sigmaV2_10_sigmaW2_1,DFPHS,22,0.0,0.0,1.0000001895427704,9.400920458861527e-08
sigmaV2_10_sigmaW2_1,DFPHS,33,0.0,0.0,1.000000206232071,1.2599581660655307e-07
sigmaV2_10_sigmaW2_1,DFPHS,44,0.0,0.0,1.0000002110004425,1.4290703030717838e-07
sigmaV2_10_sigmaW2_1,DFPHS,55,0.0,0.0,1.0000001990795135,2.0022547849126587e-07
sigmaV2_10_sigmaW2_1,DPFS,11,0.0,0.0,1.000000227689743,1.3177345474907052e-07
sigmaV2_10_sigmaW2_1,DPFS,22,0.0,0.0,1.0000002264976502,9.000103992546499e-08
sigmaV2_10_sigmaW2_1,DPFS,33,0.0,0.0,1.000000227689743,1.4013557767725388e-07
sigmaV2_10_sigmaW2_1,DPFS,44,0.0,0.0,1.0000002431869506,1.4976786398448382e-07
sigmaV2_10_sigmaW2_1,DPFS,55,0.0,0.0,1.0000002110004425,9.055983798651076e-08
sigmaV2_10_sigmaW2_1,DPFOT,11,39.277571525573734,12.2134735020265,211378210.655,228816166.13770267
sigmaV2_10_sigmaW2_1,DPFOT,22,40.34138299942017,10.980579633937888,256569116.78804687,257279738.12580568
sigmaV2_10_sigmaW2_1,DPFOT,33,37.408080654144285,9.221374583897468,249712264.48226562,287175909.9013845
sigmaV2_10_sigmaW2_1,DPFOT,44,35.776245250701905,9.873979893149324,226188791.56195313,277987047.10718524
sigmaV2_10_sigmaW2_1,DPFOT,55,36.04508846282959,10.52308303620824,192302935.10875,227655036.1859962
sigmaV2_10_sigmaW2_1,DPFOT-HMC,11,35.74751434326172,10.830888906130344,185718770.3209741,209660650.48976222
sigmaV2_10_sigmaW2_1,DPFOT-HMC,22,35.803328132629396,11.556104672555518,230836478.84964845,250236669.53498423
sigmaV2_10_sigmaW2_1,DPFOT-HMC,33,33.81928699493408,9.34965265621864,214809929.89481446,250391619.24916238
sigmaV2_10_sigmaW2_1,DPFOT-HMC,44,37.7124746131897,11.997013537686227,217619392.0325,220718186.00737283
sigmaV2_10_sigmaW2_1,DPFOT-HMC,55,35.899570560455324,10.397971850362977,218576827.9446875,265224056.06590316
sigmaV2_10_sigmaW2_1,IPFPF,11,0.0,0.0,1.000000147819519,8.106231689453124e-08
sigmaV2_10_sigmaW2_1,IPFPF,22,0.0,0.0,1.0000001573562622,8.23838832052755e-08
sigmaV2_10_sigmaW2_1,IPFPF,33,0.0,0.0,1.0000001633167266,7.474146766384714e-08
sigmaV2_10_sigmaW2_1,IPFPF,44,0.0,0.0,1.0000001561641694,7.852445390403011e-08
sigmaV2_10_sigmaW2_1,IPFPF,55,0.0,0.0,1.0000001692771912,8.289975476605277e-08
sigmaV2_10_sigmaW2_1,SPFSM,11,1.4345260870456695,0.02628471884666752,1.0279885411262513,0.003714573246026814
sigmaV2_10_sigmaW2_1,SPFSM,22,1.4347667050361634,0.025592926934186033,1.0282773387432098,0.0033298122904390957
sigmaV2_10_sigmaW2_1,SPFSM,33,1.4344594705104827,0.0251265431839357,1.02914013504982,0.004265081686079397
sigmaV2_10_sigmaW2_1,SPFSM,44,1.4365926706790924,0.02536669551266744,1.0288269650936126,0.003962958604279551
sigmaV2_10_sigmaW2_1,SPFSM,55,1.4371776568889618,0.025186907014153652,1.029519362449646,0.0038873375158678773
sigmaV2_10_sigmaW2_1,DPF-GradNet,11,11.274474673271179,2.0224580725124945,1.000000478029251,1.300365180463506e-07
sigmaV2_10_sigmaW2_1,DPF-GradNet,22,10.99457194328308,1.986992956251792,1.0000004708766936,1.4924984008728165e-07
sigmaV2_10_sigmaW2_1,DPF-GradNet,33,10.985490097999573,1.8897637584147675,1.0000004887580871,1.385086779430181e-07
sigmaV2_10_sigmaW2_1,DPF-GradNet,44,10.721467666625976,1.835367380493592,1.0000005042552949,1.3259052895352818e-07
sigmaV2_10_sigmaW2_1,DPF-GradNet,55,10.889838733673095,1.8443723478322516,1.0000004887580871,1.5125963140069868e-07
sigmaV2_10_sigmaW2_1,DPFNet-HMC,11,11.118845019340515,2.001503665449989,1.000000492334366,1.2800990810128497e-07
sigmaV2_10_sigmaW2_1,DPFNet-HMC,22,10.989852085113526,1.853673201485196,1.0000004637241364,1.4294680127582064e-07
sigmaV2_10_sigmaW2_1,DPFNet-HMC,33,11.228517136573792,1.7364612455138848,1.0000004911422729,1.1834787031164986e-07
sigmaV2_10_sigmaW2_1,DPFNet-HMC,44,11.313355836868286,2.013917901873842,1.0000004947185517,1.4342319268603282e-07
sigmaV2_10_sigmaW2_1,DPFNet-HMC,55,11.204289741516114,1.796038360848557,1.00000048995018,1.399326148975886e-07
